,0
a series,0.6931471805599453
aapl,0.6931471805599453
ability,0.6931471805599453
able,0.6931471805599453
absence,1.791759469228055
absolute,0.6931471805599453
acceleration,0.6931471805599453
access,0.4054651081081644
accessibility,0.6931471805599453
accessible,0.6931471805599453
accessory,0.6931471805599453
accidental,1.791759469228055
acclaim,1.0986122886681098
account,0.6931471805599453
accountability,1.791759469228055
accuracy,0.6931471805599453
accurate,0.6931471805599453
acquisition,0.6931471805599453
action,1.791759469228055
active,0.6931471805599453
activity,0.6931471805599453
actual,0.6931471805599453
ad,0.6931471805599453
adaptability,0.6931471805599453
adaptable,1.791759469228055
adaptation,1.791759469228055
adapter,1.791759469228055
adaptive,0.6931471805599453
addition,0.6931471805599453
additional,0.6931471805599453
address,1.791759469228055
adequate,1.791759469228055
adhesive,1.791759469228055
adjustment,0.6931471805599453
admirable,1.791759469228055
adobe,1.0986122886681098
adopter,0.6931471805599453
adoption,0.6931471805599453
adreno,0.6931471805599453
ads,1.791759469228055
adsense,1.791759469228055
adult,0.6931471805599453
advanced,0.6931471805599453
advancement,0.6931471805599453
advantage,0.6931471805599453
advertising,0.6931471805599453
advice,1.0986122886681098
advocacy,1.791759469228055
adwords,1.791759469228055
aesthetic,0.6931471805599453
afc,1.0986122886681098
affect,1.791759469228055
affecting,1.0986122886681098
affinity,1.791759469228055
affluent,1.0986122886681098
affordability,0.6931471805599453
affordable,0.6931471805599453
aficionado,1.791759469228055
africa,1.0986122886681098
age,0.6931471805599453
aged,1.791759469228055
aggressive,0.6931471805599453
agile,0.6931471805599453
agility,0.6931471805599453
ai,0.6931471805599453
ai assistant,1.0986122886681098
air,0.6931471805599453
airdrop,0.6931471805599453
airpods,0.6931471805599453
airpower,1.0986122886681098
algorithm,0.6931471805599453
algorithms,1.791759469228055
align,1.0986122886681098
allen,1.791759469228055
allow,1.791759469228055
alphabet,0.6931471805599453
alternative,0.6931471805599453
aluminum,0.6931471805599453
amd,0.4054651081081644
america,0.6931471805599453
american,1.0986122886681098
americas,1.791759469228055
amoled,0.6931471805599453
amount,1.0986122886681098
ample,0.6931471805599453
analysis,0.6931471805599453
analytic,1.791759469228055
android,0.6931471805599453
android device,1.0986122886681098
android interface,1.0986122886681098
android operating system,1.0986122886681098
android product,1.0986122886681098
andsamsung,1.0986122886681098
angle,0.6931471805599453
angular,1.791759469228055
animation,0.6931471805599453
announcement,0.6931471805599453
annoying,0.6931471805599453
annual,0.6931471805599453
answer,1.791759469228055
antitrust,1.791759469228055
aperture,1.0986122886681098
app,0.4054651081081644
apparent,0.6931471805599453
appeal,0.6931471805599453
appealing,0.6931471805599453
appearance,0.6931471805599453
apple device,0.6931471805599453
apple iphones,0.6931471805599453
apple product,0.6931471805599453
appliance,0.6931471805599453
applicable,1.0986122886681098
application,0.4054651081081644
approach,0.6931471805599453
approachability,1.791759469228055
approachable,1.0986122886681098
approximate,0.6931471805599453
apps,1.791759469228055
ar,0.6931471805599453
arcade,1.791759469228055
architecture,0.6931471805599453
archive,1.791759469228055
area,0.6931471805599453
arm,0.6931471805599453
array,0.6931471805599453
artifact,1.791759469228055
artificial,0.6931471805599453
artistic,1.791759469228055
arts,1.791759469228055
asia,0.6931471805599453
aspect,0.6931471805599453
asphalt,1.791759469228055
aspirational,1.791759469228055
assessment,0.6931471805599453
assist,1.0986122886681098
assistance,0.6931471805599453
assistant,0.6931471805599453
association,1.791759469228055
assurance,0.6931471805599453
attachment,1.791759469228055
attack,0.6931471805599453
attention,0.6931471805599453
attractive,0.6931471805599453
attribute,1.791759469228055
audience,0.6931471805599453
audio,0.6931471805599453
augmented,1.0986122886681098
australia,1.791759469228055
authentication,0.6931471805599453
authenticity,1.791759469228055
authority,0.6931471805599453
authorized,1.791759469228055
auto,1.791759469228055
autofocus,1.791759469228055
automation,0.6931471805599453
autonomous,1.791759469228055
availability,0.6931471805599453
available,0.6931471805599453
average,0.4054651081081644
aware,0.6931471805599453
back,1.791759469228055
background,0.6931471805599453
backrub,1.791759469228055
backup,0.6931471805599453
backups,1.791759469228055
bad,0.6931471805599453
bag,1.791759469228055
balance,0.6931471805599453
balanced,0.6931471805599453
bank,0.6931471805599453
banking,1.791759469228055
bar,1.791759469228055
barrier,0.6931471805599453
base,0.6931471805599453
basic,0.6931471805599453
basis,1.0986122886681098
battery,0.4054651081081644
battery capacity,0.6931471805599453
battery drain,0.6931471805599453
battery life,0.6931471805599453
battle,0.6931471805599453
beautiful,1.0986122886681098
beginner,0.6931471805599453
beginning,1.0986122886681098
behemoth,1.0986122886681098
bell,1.0986122886681098
benchmark,0.6931471805599453
benchmarks,1.791759469228055
bend,1.791759469228055
bendable,1.791759469228055
beneficial,0.6931471805599453
beneficiary,1.791759469228055
benefit,0.6931471805599453
best,0.4054651081081644
bet,1.0986122886681098
beta,1.791759469228055
bezel,0.6931471805599453
biased,1.791759469228055
big,0.6931471805599453
bill,1.791759469228055
biometric,0.6931471805599453
bionic,0.4054651081081644
bionic chip,1.0986122886681098
bipolar,1.0986122886681098
bit,0.6931471805599453
bite,1.791759469228055
bixby,0.6931471805599453
black,1.0986122886681098
bland,0.6931471805599453
blazing,1.791759469228055
blend,0.6931471805599453
bloat,1.0986122886681098
bloatware,0.6931471805599453
blue,0.6931471805599453
bluetooth,0.6931471805599453
board,1.791759469228055
boasted,1.791759469228055
boasts,1.791759469228055
body,1.0986122886681098
bokeh,0.6931471805599453
bold,1.791759469228055
boost,0.6931471805599453
boot,0.6931471805599453
boring,1.791759469228055
bottlenecked,1.791759469228055
boundary,0.6931471805599453
box,0.6931471805599453
brand,0.6931471805599453
branding,0.6931471805599453
brands,1.791759469228055
breach,0.6931471805599453
breadth,1.0986122886681098
breakdown,0.6931471805599453
brick,1.791759469228055
brief,0.6931471805599453
bright,0.6931471805599453
brightness,0.6931471805599453
brin,1.791759469228055
broad,0.6931471805599453
browser,1.791759469228055
browsing,0.6931471805599453
bubble,0.6931471805599453
budget,0.6931471805599453
buds,0.6931471805599453
bug,0.6931471805599453
buggy,0.6931471805599453
build,0.6931471805599453
build quality,1.0986122886681098
building,1.0986122886681098
buildup,1.791759469228055
bulkier,1.0986122886681098
bulky,0.6931471805599453
burn,1.791759469228055
burnout,1.791759469228055
business,0.6931471805599453
busy,0.6931471805599453
butqualcomm,1.791759469228055
button,0.6931471805599453
buy,0.4054651081081644
buyer,0.6931471805599453
byung,1.791759469228055
c,0.6931471805599453
cable,0.6931471805599453
cadmium,0.6931471805599453
calendar,0.4054651081081644
calibration,1.0986122886681098
california,1.791759469228055
call,0.6931471805599453
calling,1.791759469228055
calmness,1.791759469228055
camera,0.6931471805599453
camera app,1.0986122886681098
camera capability,1.0986122886681098
camera hardware,0.6931471805599453
cameras,0.6931471805599453
campaign,1.791759469228055
canada,1.791759469228055
cancellation,1.791759469228055
capabilities,0.6931471805599453
capability,0.6931471805599453
capable,0.6931471805599453
capacity,0.6931471805599453
capacity loss rate,1.0986122886681098
capture,1.0986122886681098
car,0.6931471805599453
card,0.6931471805599453
card slot,0.6931471805599453
care,0.6931471805599453
careful,1.791759469228055
carrier,0.6931471805599453
case,0.6931471805599453
casing,1.791759469228055
casual,0.6931471805599453
catastrophic,1.0986122886681098
category,0.6931471805599453
cater,0.6931471805599453
cause,1.791759469228055
caveat,0.6931471805599453
cellular,0.6931471805599453
censorship,1.791759469228055
center,0.6931471805599453
centric,0.6931471805599453
centricity,1.0986122886681098
ceramic,0.6931471805599453
certain,0.4054651081081644
certification,1.791759469228055
chain,0.6931471805599453
challenge,0.6931471805599453
challenging,0.6931471805599453
champion,1.0986122886681098
chance,0.6931471805599453
change,0.6931471805599453
changer,1.791759469228055
channel,0.6931471805599453
characteristic,0.6931471805599453
charge,0.6931471805599453
charge level,1.0986122886681098
charger,0.6931471805599453
charging,0.4054651081081644
chart,0.6931471805599453
chat,1.791759469228055
cheap,0.6931471805599453
check,1.0986122886681098
chemistry,0.6931471805599453
chic,1.0986122886681098
child,1.0986122886681098
children,1.791759469228055
china,1.791759469228055
chinese,1.0986122886681098
chip,0.4054651081081644
chipset,0.6931471805599453
choice,0.6931471805599453
choices,0.6931471805599453
choose,1.791759469228055
chrome,0.4054651081081644
chrome device,1.0986122886681098
chromebook,0.6931471805599453
chromebooks,0.6931471805599453
chromecast,1.0986122886681098
chul,1.791759469228055
cinebench,0.6931471805599453
circle,1.791759469228055
circuit,1.791759469228055
circular,1.791759469228055
claim,0.6931471805599453
clarity,1.0986122886681098
class,0.6931471805599453
classic,1.791759469228055
clean,0.6931471805599453
cleanliness,1.791759469228055
clear,0.6931471805599453
client,1.791759469228055
clock,0.6931471805599453
close,0.6931471805599453
closed,0.6931471805599453
cloud,0.4054651081081644
clunky,1.791759469228055
clutter,0.6931471805599453
cluttered,0.6931471805599453
cnet,0.6931471805599453
coating,1.791759469228055
cohesion,1.0986122886681098
cohesive,0.6931471805599453
collaboration,1.791759469228055
collaborative,1.791759469228055
collection,0.6931471805599453
college,1.791759469228055
color,0.6931471805599453
color option,1.0986122886681098
colorful,0.6931471805599453
combination,0.6931471805599453
comfort,1.791759469228055
comfortable,1.0986122886681098
command,0.6931471805599453
commerce,0.6931471805599453
commitment,0.6931471805599453
committed,1.791759469228055
common,1.0986122886681098
community,0.6931471805599453
commute,1.791759469228055
compact,0.6931471805599453
company,0.6931471805599453
comparable,0.6931471805599453
comparison,0.6931471805599453
compatibility,0.6931471805599453
compatible,0.4054651081081644
compelling,0.6931471805599453
competition,0.6931471805599453
competitive,0.6931471805599453
competitiveness,0.6931471805599453
competitor,0.6931471805599453
competitors,0.6931471805599453
complaint,0.6931471805599453
complete,1.791759469228055
complex,0.6931471805599453
complexity,0.6931471805599453
complicated,0.6931471805599453
component,0.6931471805599453
components,0.6931471805599453
comprehensive,0.6931471805599453
compromise,0.6931471805599453
computational,1.0986122886681098
computer,0.6931471805599453
computing,0.6931471805599453
con,0.6931471805599453
concept,1.0986122886681098
concern,0.6931471805599453
concerned,1.0986122886681098
concerns,1.791759469228055
concise,1.791759469228055
conclusion,0.6931471805599453
concrete,0.6931471805599453
condensation,1.791759469228055
condition,0.6931471805599453
confidence,1.0986122886681098
confident,1.791759469228055
configuration,0.6931471805599453
confusing,1.0986122886681098
confusion,1.0986122886681098
conglomerate,1.0986122886681098
connected,1.0986122886681098
connection,0.6931471805599453
connectivity,0.6931471805599453
connector,1.791759469228055
cons,1.791759469228055
conscious,0.6931471805599453
consensus,1.791759469228055
conservative,1.0986122886681098
consideration,0.6931471805599453
considerations,0.6931471805599453
consistency,0.6931471805599453
consistent,0.6931471805599453
console,1.791759469228055
constant,0.6931471805599453
constraint,0.6931471805599453
construction,0.6931471805599453
consumer,0.6931471805599453
consumerism,1.0986122886681098
consumers,1.0986122886681098
consumption,0.6931471805599453
contact,1.791759469228055
contemporary,0.6931471805599453
contender,0.6931471805599453
content,0.6931471805599453
contention,0.6931471805599453
contentious,1.791759469228055
context,0.6931471805599453
continual,1.0986122886681098
continuity,0.6931471805599453
continuous,0.6931471805599453
continuously,0.6931471805599453
contrast,0.6931471805599453
contrasting,0.6931471805599453
contribute,1.791759469228055
control,0.6931471805599453
controversy,1.791759469228055
convenience,0.6931471805599453
convenient,0.6931471805599453
conversational,1.0986122886681098
cook,1.791759469228055
cool,1.0986122886681098
copy,1.791759469228055
core,0.6931471805599453
cores,1.791759469228055
corporation,1.791759469228055
cortex,1.791759469228055
cosmetic,1.0986122886681098
cost,0.6931471805599453
costly,1.791759469228055
council,1.791759469228055
count,0.6931471805599453
counterpart,0.6931471805599453
country,0.6931471805599453
coverage,0.6931471805599453
coveted,1.791759469228055
cpu,0.6931471805599453
cpu performance,0.6931471805599453
crack,0.6931471805599453
cracking,1.0986122886681098
craftsmanship,0.6931471805599453
crash,0.6931471805599453
cream,1.791759469228055
creation,1.0986122886681098
creative,0.4054651081081644
creativity,0.6931471805599453
creator,1.0986122886681098
credibility,1.0986122886681098
crisp,0.6931471805599453
criterion,0.6931471805599453
critic,0.6931471805599453
critical,0.6931471805599453
criticism,0.6931471805599453
cross,1.0986122886681098
crucial,0.6931471805599453
cuda,1.791759469228055
culture,1.0986122886681098
cupertino,1.791759469228055
curiosity,1.791759469228055
curious,1.791759469228055
current,0.6931471805599453
curve,0.6931471805599453
curved,1.0986122886681098
custom,0.6931471805599453
customer,0.6931471805599453
customer support,1.0986122886681098
customizability,0.6931471805599453
customizable,0.6931471805599453
customization,0.6931471805599453
customization option,0.6931471805599453
customizeable,1.791759469228055
customizing,1.791759469228055
cut,1.0986122886681098
cutoff,1.0986122886681098
cutting,0.6931471805599453
cyber,1.791759469228055
cybersecurity,1.791759469228055
cycle,0.6931471805599453
daily,0.6931471805599453
damage,0.6931471805599453
daps,1.0986122886681098
dark,1.791759469228055
dash,1.791759469228055
data,0.6931471805599453
date,0.6931471805599453
datum,0.6931471805599453
day,0.4054651081081644
daydream,1.0986122886681098
daylight,1.791759469228055
deal,1.0986122886681098
debacle,1.791759469228055
debate,1.791759469228055
debut,1.791759469228055
decade,1.0986122886681098
decent,0.6931471805599453
decision,0.6931471805599453
decline,1.791759469228055
dedicated,0.6931471805599453
dedication,1.791759469228055
deep,1.0986122886681098
deepmind,1.791759469228055
default,0.6931471805599453
defect,0.6931471805599453
defective,1.0986122886681098
definitive,0.6931471805599453
degradation,0.6931471805599453
degree,0.6931471805599453
delay,0.6931471805599453
delayed,1.0986122886681098
delete,1.791759469228055
deliberate,0.6931471805599453
delighted,1.791759469228055
delivery,1.0986122886681098
deloitte,1.791759469228055
demand,1.0986122886681098
demanding,0.6931471805599453
demographic,0.6931471805599453
demographics,1.0986122886681098
density,0.6931471805599453
dent,1.0986122886681098
department,0.6931471805599453
dependable,1.791759469228055
dependence,0.6931471805599453
dependent,1.0986122886681098
deployment,1.0986122886681098
depth,0.6931471805599453
description,0.6931471805599453
deserved,0.6931471805599453
design,0.6931471805599453
design flaw,1.0986122886681098
designer,1.0986122886681098
designing,1.791759469228055
designs,1.791759469228055
desirable,1.0986122886681098
desktop,0.4054651081081644
destination,1.791759469228055
detail,0.6931471805599453
detailed,0.6931471805599453
detection,0.6931471805599453
deterrent,0.6931471805599453
developer,0.6931471805599453
developers,1.791759469228055
development,0.6931471805599453
device,0.0
device ecosystem,1.0986122886681098
devices,0.6931471805599453
dex,0.4054651081081644
difference,0.6931471805599453
differences,0.6931471805599453
different,0.6931471805599453
differentiator,0.6931471805599453
differentiators,0.6931471805599453
difficult,0.6931471805599453
difficulty,0.6931471805599453
digging,1.791759469228055
digital,0.6931471805599453
dimensity,1.791759469228055
direct,1.791759469228055
disability,1.791759469228055
disadvantage,0.6931471805599453
disappointing,1.791759469228055
disaster,1.791759469228055
discharge,1.791759469228055
disconnected,0.6931471805599453
discount,0.6931471805599453
discover,1.791759469228055
discovery,0.6931471805599453
discussion,0.6931471805599453
disjointed,1.791759469228055
display,0.4054651081081644
displays,1.791759469228055
disposable,1.791759469228055
disruption,0.6931471805599453
dissatisfaction,1.0986122886681098
distinct,0.6931471805599453
distinctive,0.6931471805599453
distraction,1.791759469228055
distribution,0.6931471805599453
distributor,1.791759469228055
disturb,1.791759469228055
diverse,0.6931471805599453
diversification,0.6931471805599453
diversified,1.0986122886681098
diversity,1.791759469228055
diy,1.791759469228055
docs,0.6931471805599453
dollar,0.6931471805599453
dominance,0.6931471805599453
dominant,0.6931471805599453
dos,1.791759469228055
double,0.6931471805599453
download,0.6931471805599453
downtime,0.6931471805599453
doze,0.6931471805599453
dozing,1.0986122886681098
drain,0.6931471805599453
drainage,1.0986122886681098
dramatic,1.0986122886681098
drastic,1.0986122886681098
draw,1.791759469228055
drawback,0.6931471805599453
drawings,1.791759469228055
dream,1.0986122886681098
drive,0.4054651081081644
driver,1.791759469228055
drop,0.6931471805599453
dropout,1.0986122886681098
dual,0.6931471805599453
durability,0.6931471805599453
durable,0.6931471805599453
duration,0.6931471805599453
dust,0.6931471805599453
dynamic,0.6931471805599453
dynamics,1.791759469228055
dynamism,1.791759469228055
e,0.6931471805599453
eager,1.791759469228055
earbud,0.6931471805599453
early,0.6931471805599453
earth,1.791759469228055
ease,0.6931471805599453
east,1.791759469228055
easy,0.4054651081081644
eco,0.6931471805599453
ecological,1.791759469228055
economic,1.791759469228055
economy,1.791759469228055
ecosystem,0.4054651081081644
ecosystem integration,0.6931471805599453
edge,0.6931471805599453
edgy,1.791759469228055
editing,0.6931471805599453
editor,1.791759469228055
education,0.6931471805599453
educational,1.0986122886681098
effect,0.6931471805599453
effective,0.6931471805599453
effectiveness,1.791759469228055
efficiency,0.6931471805599453
efficient,0.6931471805599453
effort,0.6931471805599453
effortless,1.0986122886681098
elaborate,1.791759469228055
electronic,0.6931471805599453
electronics,0.6931471805599453
elegance,0.6931471805599453
elegant,0.6931471805599453
element,0.6931471805599453
elevated,1.791759469228055
email,0.6931471805599453
emerge,1.791759469228055
emotional,1.0986122886681098
emphasis,0.6931471805599453
emphasize,1.791759469228055
employs,1.791759469228055
empowerment,1.0986122886681098
enclave,0.6931471805599453
encryption,0.6931471805599453
end,0.4054651081081644
end camera,1.0986122886681098
end device,0.6931471805599453
end option,1.0986122886681098
endurance,0.6931471805599453
energy,0.6931471805599453
engagement,1.791759469228055
engine,0.6931471805599453
engineer,1.0986122886681098
engineering,0.6931471805599453
enhanced,0.6931471805599453
enhancement,0.6931471805599453
enjoyable,1.791759469228055
enterprise,0.6931471805599453
entertainment,1.0986122886681098
enthusiast,0.6931471805599453
enthusiasts,1.791759469228055
entire,1.0986122886681098
entrant,1.791759469228055
entrepreneur,1.0986122886681098
entry,0.6931471805599453
environment,0.6931471805599453
environmental,0.6931471805599453
equal,1.791759469228055
equipment,1.791759469228055
equity,1.791759469228055
equivalent,0.6931471805599453
era,0.6931471805599453
ergonomic,1.791759469228055
ergonomics,0.6931471805599453
erratic,1.791759469228055
error,1.791759469228055
ess,1.791759469228055
essential,0.6931471805599453
established,0.6931471805599453
estate,1.0986122886681098
estimate,0.6931471805599453
estimated,0.6931471805599453
ethos,1.791759469228055
europe,0.6931471805599453
everyday,0.6931471805599453
evident,0.6931471805599453
evolution,0.6931471805599453
evolving,1.791759469228055
ex,0.6931471805599453
exact,1.791759469228055
example,0.6931471805599453
excel,0.6931471805599453
excellence,0.6931471805599453
excellent,0.6931471805599453
excels,1.791759469228055
exception,0.6931471805599453
exceptional,0.4054651081081644
exceptions,1.791759469228055
excessive,1.0986122886681098
excited,0.6931471805599453
excitement,1.0986122886681098
exclusive,0.6931471805599453
exclusivity,0.6931471805599453
execution,1.0986122886681098
executive,1.0986122886681098
exercise,0.6931471805599453
expandability,1.0986122886681098
expandable,0.4054651081081644
expansion,0.6931471805599453
expansive,1.0986122886681098
expectation,0.6931471805599453
expense,0.6931471805599453
expensive,0.6931471805599453
experience,0.4054651081081644
experienced,1.791759469228055
experiences,1.0986122886681098
experiential,1.791759469228055
experimentation,1.791759469228055
expert,0.6931471805599453
expertise,0.6931471805599453
exploit,0.6931471805599453
exploitation,1.0986122886681098
exploration,1.0986122886681098
explosion,1.791759469228055
export,1.791759469228055
exposure,1.791759469228055
expression,1.0986122886681098
extended,0.6931471805599453
extension,1.791759469228055
extensive,0.6931471805599453
extent,0.6931471805599453
exterior,0.6931471805599453
external,0.6931471805599453
extra,0.6931471805599453
extreme,0.6931471805599453
exyno,0.6931471805599453
exynos,0.6931471805599453
exynos chip,1.791759469228055
exynos chipset,0.6931471805599453
exynos processor,0.6931471805599453
eye,1.0986122886681098
face,0.6931471805599453
face id,1.0986122886681098
facebook,1.0986122886681098
facetime,1.791759469228055
facial,0.6931471805599453
fact,1.0986122886681098
factor,0.6931471805599453
factors,0.6931471805599453
failure,0.6931471805599453
fair,0.6931471805599453
familiar,0.6931471805599453
family,1.0986122886681098
famous,0.6931471805599453
fan,0.6931471805599453
fashion,0.6931471805599453
fashionable,1.791759469228055
fast,0.4054651081081644
fastest,0.6931471805599453
fatigue,1.791759469228055
faulty,1.791759469228055
favor,1.791759469228055
favorite,0.6931471805599453
fcc,1.791759469228055
fe,1.791759469228055
feasible,0.6931471805599453
feature,0.1823215567939546
feature addition,1.0986122886681098
featured,1.791759469228055
features,0.6931471805599453
fee,0.6931471805599453
feedback,0.6931471805599453
feel,0.6931471805599453
feeling,1.0986122886681098
few,0.6931471805599453
fi,0.6931471805599453
field,0.6931471805599453
fierce,1.791759469228055
file,0.6931471805599453
film,1.791759469228055
fine,1.791759469228055
finesse,1.0986122886681098
fingerprint,0.6931471805599453
finicky,0.6931471805599453
finish,1.0986122886681098
fire,1.791759469228055
firm,1.791759469228055
firmware,0.6931471805599453
fit,0.6931471805599453
fitness,1.0986122886681098
fix,0.6931471805599453
fixing,1.791759469228055
flagship,0.6931471805599453
flagship device,1.0986122886681098
flagship iphones,1.0986122886681098
flagship model,0.6931471805599453
flagship phone,1.0986122886681098
flagships,0.6931471805599453
flair,1.791759469228055
flashy,0.6931471805599453
flat,1.791759469228055
flaw,0.6931471805599453
flawless,1.791759469228055
flexibility,0.6931471805599453
flexible,0.6931471805599453
flimsy,1.0986122886681098
flip,0.6931471805599453
fluctuation,1.791759469228055
fluid,1.791759469228055
focus,0.6931471805599453
focused,0.6931471805599453
fold,0.6931471805599453
foldable,0.6931471805599453
folding,1.791759469228055
following,0.6931471805599453
font,1.0986122886681098
footprint,1.791759469228055
force,0.6931471805599453
forefront,1.0986122886681098
form,0.6931471805599453
format,1.791759469228055
forrester,1.0986122886681098
fortnite,0.6931471805599453
forum,0.6931471805599453
foundation,1.0986122886681098
fps,0.6931471805599453
fragile,0.6931471805599453
fragility,1.791759469228055
fragmentation,0.6931471805599453
fragmented,0.6931471805599453
frame,0.6931471805599453
franchise,1.791759469228055
fray,1.0986122886681098
free,0.6931471805599453
freedom,0.6931471805599453
freelancer,1.791759469228055
frenzy,0.6931471805599453
frequency,1.0986122886681098
frequent,0.6931471805599453
friend,1.791759469228055
friendliness,0.6931471805599453
friendly,0.6931471805599453
frill,1.791759469228055
frustrated,1.791759469228055
frustrating,0.6931471805599453
frustration,0.6931471805599453
full,1.791759469228055
function,1.0986122886681098
functional,0.6931471805599453
functionality,0.6931471805599453
fusion,1.0986122886681098
fuss,1.791759469228055
future,0.6931471805599453
futuristic,0.6931471805599453
fwc,1.791759469228055
g,0.6931471805599453
g chipset,1.0986122886681098
gadget,0.6931471805599453
gain,0.6931471805599453
galaxies,0.6931471805599453
galaxy,0.1823215567939546
galaxy series,0.6931471805599453
game,0.6931471805599453
gamer,0.6931471805599453
games,1.791759469228055
gaming,0.4054651081081644
gamut,1.0986122886681098
gap,0.6931471805599453
garageband,0.6931471805599453
garena,1.791759469228055
gartner,1.791759469228055
gates,1.791759469228055
gb,0.6931471805599453
gboard,1.791759469228055
geekbench,0.6931471805599453
geforce,1.0986122886681098
gen,0.6931471805599453
general,0.6931471805599453
generation,0.6931471805599453
generic,0.6931471805599453
generous,1.791759469228055
genuine,1.791759469228055
geographic,1.0986122886681098
geography,1.791759469228055
gesture,1.0986122886681098
gestures,1.791759469228055
getting,1.791759469228055
gflop,1.0986122886681098
gflops,1.791759469228055
ghz,0.6931471805599453
giant,0.6931471805599453
giants,0.6931471805599453
glass,0.6931471805599453
glitch,0.6931471805599453
glitchy,1.791759469228055
global,0.6931471805599453
globe,0.6931471805599453
gmail,0.6931471805599453
goal,1.0986122886681098
gold,0.6931471805599453
good,0.6931471805599453
googl,0.6931471805599453
google device,0.6931471805599453
google drive,0.6931471805599453
google pixel,1.0986122886681098
google pixels,1.0986122886681098
google play store,1.0986122886681098
google product,0.6931471805599453
google push,1.0986122886681098
googol,1.791759469228055
gorilla,1.0986122886681098
government,1.791759469228055
gps,1.791759469228055
gpu,0.4054651081081644
gpu performance,1.0986122886681098
gpus,0.6931471805599453
grade,0.6931471805599453
gradual,0.6931471805599453
graphic,0.6931471805599453
graphics,0.6931471805599453
great,0.6931471805599453
green,1.0986122886681098
ground,0.6931471805599453
groundbreaking,1.791759469228055
group,0.6931471805599453
growth,0.6931471805599453
guarantee,1.0986122886681098
guidance,1.791759469228055
guide,1.791759469228055
guideline,0.6931471805599453
habit,0.6931471805599453
habits,1.791759469228055
hacker,1.791759469228055
hacking,1.791759469228055
half,1.0986122886681098
hallmark,1.791759469228055
hand,0.6931471805599453
handling,0.6931471805599453
handoff,1.0986122886681098
happy,0.6931471805599453
hard,0.6931471805599453
hardware,0.6931471805599453
hardware reliability,1.0986122886681098
harmony,1.791759469228055
harmonyo,1.791759469228055
harmonyos,1.791759469228055
hassle,1.791759469228055
hd,0.6931471805599453
hdr,1.0986122886681098
head,1.0986122886681098
headphone,0.6931471805599453
headset,0.6931471805599453
health,0.6931471805599453
healthcare,1.791759469228055
healthkit,1.791759469228055
healthy,1.791759469228055
heart,1.791759469228055
heat,0.6931471805599453
heavy,0.6931471805599453
hefty,1.791759469228055
helio,1.791759469228055
help,0.6931471805599453
helpful,0.6931471805599453
helpfulness,0.6931471805599453
heritage,1.0986122886681098
hesitant,1.791759469228055
hexa,0.6931471805599453
high,0.1823215567939546
highlight,1.791759469228055
hinder,1.791759469228055
hisilicon,1.0986122886681098
historical,0.6931471805599453
history,0.6931471805599453
hole,1.0986122886681098
home,0.6931471805599453
homekit,0.6931471805599453
homogenization,1.791759469228055
honest,0.6931471805599453
honorable,1.791759469228055
hotter,1.791759469228055
hour,0.6931471805599453
house,1.0986122886681098
household,1.0986122886681098
htc,1.0986122886681098
huawei,0.6931471805599453
hub,1.0986122886681098
hue,1.791759469228055
humor,1.791759469228055
humorous,1.791759469228055
hungry,0.6931471805599453
hype,1.0986122886681098
hyperlapse,0.6931471805599453
hz,0.6931471805599453
ice,1.791759469228055
icloud,0.6931471805599453
icon,0.6931471805599453
iconic,0.6931471805599453
id,0.6931471805599453
idea,0.6931471805599453
ideal,0.6931471805599453
identity,0.6931471805599453
ifixit,1.0986122886681098
ii,0.6931471805599453
iii,0.6931471805599453
imac,0.6931471805599453
imacs,0.6931471805599453
image,0.6931471805599453
imagery,1.791759469228055
images,1.791759469228055
imaging,1.791759469228055
imessage,1.791759469228055
immersive,1.0986122886681098
immune,1.0986122886681098
imore,0.6931471805599453
imovie,0.6931471805599453
impact,0.6931471805599453
implementation,0.6931471805599453
implication,0.6931471805599453
import,1.791759469228055
importance,0.6931471805599453
important,0.6931471805599453
impossible,1.791759469228055
impression,1.791759469228055
impressive,0.4054651081081644
improved,0.6931471805599453
improvement,0.6931471805599453
improvements,1.791759469228055
inaccessible,1.0986122886681098
inadequate,1.791759469228055
inbox,1.791759469228055
inch,0.6931471805599453
inclusion,1.791759469228055
inclusivity,0.6931471805599453
income,1.0986122886681098
incompatibility,1.791759469228055
incompatible,1.791759469228055
incomplete,0.6931471805599453
inconsistency,0.6931471805599453
inconsistent,0.6931471805599453
inconvenience,1.0986122886681098
inconvenient,0.6931471805599453
incorporates,1.791759469228055
increase,0.6931471805599453
incredible,0.6931471805599453
incremental,0.6931471805599453
index,0.6931471805599453
indexing,1.791759469228055
india,1.0986122886681098
indicators,1.0986122886681098
individual,0.6931471805599453
individuality,1.791759469228055
industrial,1.0986122886681098
industry,0.4054651081081644
infamous,0.6931471805599453
infection,1.791759469228055
inferior,0.6931471805599453
infinity,1.0986122886681098
influential,1.0986122886681098
information,1.0986122886681098
informed,0.6931471805599453
infrastructure,1.791759469228055
inherent,1.791759469228055
initial,0.6931471805599453
initially,1.791759469228055
initiative,0.6931471805599453
innovation,0.6931471805599453
innovations,1.0986122886681098
innovative,0.6931471805599453
input,0.6931471805599453
insecure,1.0986122886681098
insight,0.6931471805599453
insights,1.791759469228055
inspection,1.791759469228055
instagram,1.0986122886681098
installation,0.6931471805599453
installed,1.791759469228055
instance,0.6931471805599453
instant,0.6931471805599453
institution,1.791759469228055
instruction,1.0986122886681098
integral,1.791759469228055
integrate,0.6931471805599453
integrated,0.6931471805599453
integration,0.4054651081081644
intel,0.6931471805599453
intelligence,0.6931471805599453
intelligent,0.6931471805599453
intense,0.6931471805599453
intensive,0.6931471805599453
interaction,0.6931471805599453
interest,1.0986122886681098
interested,0.6931471805599453
interesting,0.6931471805599453
interface,0.6931471805599453
intermittent,1.791759469228055
internal,0.6931471805599453
international,0.6931471805599453
internet,0.6931471805599453
interoperability,1.791759469228055
intersect,1.791759469228055
intertek,1.791759469228055
interval,0.6931471805599453
introduce,1.791759469228055
introduction,0.6931471805599453
introspective,1.791759469228055
intrusive,1.791759469228055
intuitive,0.6931471805599453
invasive,1.791759469228055
investigation,1.791759469228055
investment,0.6931471805599453
involvement,1.791759469228055
ion,0.6931471805599453
ion battery,1.0986122886681098
ios,0.6931471805599453
ipad,0.6931471805599453
ipados,0.6931471805599453
ipads,0.6931471805599453
iphone,0.6931471805599453
iphone battery,1.0986122886681098
iphone product,1.0986122886681098
iphone series,1.0986122886681098
iphones,0.4054651081081644
ipod,1.0986122886681098
ipods,1.791759469228055
ipro,1.791759469228055
iris,1.0986122886681098
isp,1.791759469228055
issue,0.6931471805599453
issues,0.6931471805599453
item,1.791759469228055
iteration,0.6931471805599453
iterative,0.6931471805599453
itunes,0.6931471805599453
jack,0.6931471805599453
janoff,1.791759469228055
job,1.791759469228055
jobs,1.791759469228055
journey,1.791759469228055
juice,0.6931471805599453
july,0.6931471805599453
june,0.6931471805599453
k,0.6931471805599453
key,0.6931471805599453
keyboard,1.0986122886681098
kid,1.791759469228055
king,1.791759469228055
kirin,1.791759469228055
knowledge,0.6931471805599453
knowledgeable,1.791759469228055
knox,0.6931471805599453
korea,1.791759469228055
korean,0.6931471805599453
kpi,1.0986122886681098
labor,1.0986122886681098
lack,0.4054651081081644
lacking,0.6931471805599453
lackluster,0.6931471805599453
lag,0.6931471805599453
laggy,0.6931471805599453
landscape,0.6931471805599453
language,0.6931471805599453
laptop,0.6931471805599453
large,0.4054651081081644
larry,1.791759469228055
lasting,0.6931471805599453
late,0.6931471805599453
latency,0.6931471805599453
later,0.6931471805599453
launch,0.6931471805599453
launcher,0.6931471805599453
launching,1.0986122886681098
layer,0.6931471805599453
layout,1.791759469228055
lcd,0.6931471805599453
lead,0.6931471805599453
leader,0.6931471805599453
leadership,1.791759469228055
leap,1.791759469228055
learning,0.6931471805599453
led,1.791759469228055
lee,1.791759469228055
legendary,1.0986122886681098
len,0.6931471805599453
lens,0.6931471805599453
lense,0.6931471805599453
less,1.0986122886681098
letter,1.791759469228055
lettering,1.791759469228055
level,0.6931471805599453
lg,0.6931471805599453
li,0.6931471805599453
library,0.6931471805599453
licensing,1.791759469228055
lie,0.6931471805599453
life,0.4054651081081644
lifespan,0.6931471805599453
lifestyle,0.6931471805599453
lifetime,1.0986122886681098
light,0.6931471805599453
lighting,0.6931471805599453
lightning,0.6931471805599453
lightning charger,1.0986122886681098
lightweight,0.6931471805599453
like,0.4054651081081644
likely,0.6931471805599453
liking,1.791759469228055
limit,0.6931471805599453
limitation,0.4054651081081644
limitations,1.791759469228055
limited,0.4054651081081644
limiting,1.0986122886681098
limitless,1.0986122886681098
line,0.6931471805599453
lineup,0.6931471805599453
linux,1.791759469228055
list,1.791759469228055
listening,1.791759469228055
literacy,1.791759469228055
literate,1.791759469228055
lithium,0.6931471805599453
little,0.6931471805599453
live,1.0986122886681098
lived,1.791759469228055
living,1.791759469228055
llc,0.6931471805599453
load,1.0986122886681098
loading,0.6931471805599453
location,0.6931471805599453
lock,0.6931471805599453
locks,1.791759469228055
logo,0.6931471805599453
long,0.6931471805599453
longest,0.6931471805599453
longevity,0.6931471805599453
look,0.6931471805599453
loop,1.791759469228055
loose,1.791759469228055
loss,1.0986122886681098
lot,1.0986122886681098
love,1.791759469228055
lover,1.791759469228055
low,0.6931471805599453
lowdown,0.6931471805599453
loyal,0.6931471805599453
loyalty,0.6931471805599453
lte,0.6931471805599453
luxurious,0.6931471805599453
luxury,1.0986122886681098
m,0.6931471805599453
mac,0.6931471805599453
macbook,0.6931471805599453
macbooks,0.6931471805599453
machine,0.6931471805599453
macintosh,0.6931471805599453
macos,0.6931471805599453
macs,0.6931471805599453
magnetic,1.791759469228055
magsafe,0.6931471805599453
magsafe charging,1.0986122886681098
mah,0.6931471805599453
mail,1.791759469228055
main,0.6931471805599453
maintain,1.791759469228055
maintenance,0.6931471805599453
major,0.6931471805599453
majority,1.0986122886681098
making,1.0986122886681098
malfunction,0.6931471805599453
malfunctioning,1.791759469228055
mali,0.6931471805599453
malware,0.6931471805599453
management,0.6931471805599453
management system,0.6931471805599453
manner,1.0986122886681098
manual,0.6931471805599453
manufacture,1.791759469228055
manufacturer,0.6931471805599453
manufacturing,0.6931471805599453
manufacturing process,1.0986122886681098
map,1.791759469228055
maps,0.6931471805599453
margin,0.6931471805599453
mark,0.6931471805599453
market,0.6931471805599453
marketing,0.6931471805599453
marketplace,1.0986122886681098
markup,1.791759469228055
marshmallow,1.791759469228055
mass,1.791759469228055
massive,0.6931471805599453
match,0.6931471805599453
material,0.6931471805599453
materials,1.0986122886681098
mathematical,1.791759469228055
matter,1.0986122886681098
mature,1.791759469228055
max,0.6931471805599453
maximum,1.0986122886681098
mbps,0.6931471805599453
mean,1.791759469228055
measure,0.6931471805599453
mechanism,1.791759469228055
media,1.791759469228055
mediatek,1.0986122886681098
medium,0.6931471805599453
megapixel,0.6931471805599453
member,1.791759469228055
meme,1.791759469228055
memorable,1.791759469228055
memory,0.6931471805599453
mentality,1.791759469228055
mention,1.791759469228055
menu,1.791759469228055
message,1.0986122886681098
messaging,1.791759469228055
metal,0.6931471805599453
meter,0.6931471805599453
method,1.791759469228055
meticulous,1.791759469228055
metric,0.6931471805599453
mhz,0.6931471805599453
micro,1.791759469228055
microled,1.0986122886681098
microsd,0.6931471805599453
mid,0.4054651081081644
middle,0.6931471805599453
millennial,0.6931471805599453
millennials,1.0986122886681098
mind,0.6931471805599453
mini,0.6931471805599453
minimal,0.6931471805599453
minimalism,0.6931471805599453
minimalist,0.6931471805599453
minimalistic,0.6931471805599453
minor,0.6931471805599453
minute,0.6931471805599453
mirroring,1.791759469228055
miss,0.6931471805599453
mission,0.6931471805599453
mix,0.6931471805599453
mixed,0.6931471805599453
ml,1.791759469228055
mobile,0.6931471805599453
mobility,1.0986122886681098
mod,1.0986122886681098
mode,0.6931471805599453
model,0.6931471805599453
modeling,0.6931471805599453
models,0.6931471805599453
modem,1.791759469228055
moderate,0.6931471805599453
modern,0.6931471805599453
modernity,1.0986122886681098
modes,0.6931471805599453
modification,0.6931471805599453
modular,1.0986122886681098
module,1.791759469228055
moment,1.791759469228055
momentum,1.0986122886681098
money,0.6931471805599453
monitor,1.791759469228055
month,0.6931471805599453
motion,1.0986122886681098
motivation,1.791759469228055
moto,1.0986122886681098
motorola,1.0986122886681098
mouth,1.0986122886681098
mover,1.791759469228055
movie,1.791759469228055
mpu,1.791759469228055
ms,1.0986122886681098
multi,0.6931471805599453
multifaceted,1.791759469228055
multimedia,1.791759469228055
multinational,0.6931471805599453
multiple,0.6931471805599453
multitasking,0.6931471805599453
music,0.6931471805599453
nanometer,1.791759469228055
nap,1.791759469228055
narrative,1.791759469228055
narrow,1.0986122886681098
native,0.6931471805599453
natural,1.0986122886681098
nature,0.6931471805599453
navigate,1.791759469228055
navigation,0.6931471805599453
near,1.791759469228055
necessary,1.791759469228055
necessity,1.791759469228055
neck,1.0986122886681098
need,0.6931471805599453
negative,1.791759469228055
negligible,1.0986122886681098
ness,0.6931471805599453
nest,1.791759469228055
network,0.6931471805599453
networking,1.0986122886681098
neural,0.6931471805599453
neutral,1.791759469228055
new,0.6931471805599453
nexus,0.6931471805599453
nfc,1.791759469228055
nicd,0.6931471805599453
niche,0.6931471805599453
nickel,0.6931471805599453
night,0.6931471805599453
nlp,1.791759469228055
nm,0.6931471805599453
nod,1.791759469228055
noise,1.791759469228055
non,0.6931471805599453
nonprofits,1.791759469228055
normal,0.6931471805599453
north,0.6931471805599453
notable,0.6931471805599453
notch,0.6931471805599453
note,0.4054651081081644
notebook,1.791759469228055
notebooks,0.6931471805599453
noticeable,0.6931471805599453
notification,0.6931471805599453
notorious,0.6931471805599453
nougat,1.0986122886681098
novice,1.791759469228055
npu,1.0986122886681098
nuance,0.6931471805599453
nuanced,0.6931471805599453
number,0.6931471805599453
numerous,1.0986122886681098
nvidia,1.0986122886681098
o,1.0986122886681098
object,1.791759469228055
objective,0.6931471805599453
observation,0.6931471805599453
occasional,0.6931471805599453
ocean,0.6931471805599453
octa,0.6931471805599453
octane,1.0986122886681098
odd,1.0986122886681098
oem,0.6931471805599453
offer,0.6931471805599453
offering,0.6931471805599453
office,0.6931471805599453
official,1.0986122886681098
offline,1.791759469228055
old,0.6931471805599453
oled,0.6931471805599453
one,0.6931471805599453
oneplus,0.6931471805599453
oneself,1.791759469228055
ongoing,1.0986122886681098
online,0.6931471805599453
open,0.6931471805599453
openness,0.6931471805599453
openstreetmap,1.791759469228055
operating,0.4054651081081644
operating system,0.6931471805599453
operation,0.6931471805599453
opinion,0.6931471805599453
oppo,1.0986122886681098
opportunity,0.6931471805599453
optic,1.0986122886681098
optical,0.6931471805599453
optimal,0.6931471805599453
optimization,0.6931471805599453
optimization software,0.6931471805599453
optimizations,1.791759469228055
optimize,1.791759469228055
optimized,0.6931471805599453
optimus,1.791759469228055
option,0.6931471805599453
optional,1.791759469228055
options,0.6931471805599453
organization,0.6931471805599453
organized,1.791759469228055
orientation,1.791759469228055
original,0.6931471805599453
originated,1.791759469228055
orqualcomm,1.0986122886681098
os,0.6931471805599453
other,1.0986122886681098
outdated,0.6931471805599453
outline,1.0986122886681098
outperforms,1.0986122886681098
outstanding,0.6931471805599453
overall,0.6931471805599453
overcharging,1.791759469228055
overhaul,0.6931471805599453
overhead,1.791759469228055
overheating,0.6931471805599453
overkill,1.0986122886681098
overnight,0.6931471805599453
overpriced,1.791759469228055
overview,0.6931471805599453
overwhelming,0.6931471805599453
owner,0.6931471805599453
ownership,0.6931471805599453
oxide,0.6931471805599453
pace,0.6931471805599453
pack,0.6931471805599453
package,0.6931471805599453
packaging,1.0986122886681098
packed,1.0986122886681098
pad,1.0986122886681098
page,1.791759469228055
palette,0.6931471805599453
panel,0.6931471805599453
panels,1.791759469228055
paper,0.6931471805599453
par,0.6931471805599453
parameter,0.6931471805599453
parent,0.6931471805599453
parental,1.791759469228055
parity,1.0986122886681098
part,1.0986122886681098
particular,0.6931471805599453
partner,0.6931471805599453
partnership,0.6931471805599453
partnerships,1.0986122886681098
party,0.4054651081081644
passionate,1.791759469228055
past,0.6931471805599453
paste,1.791759469228055
patch,0.6931471805599453
patching,1.791759469228055
patchy,1.0986122886681098
path,1.791759469228055
patience,1.0986122886681098
pattern,0.6931471805599453
paul,1.791759469228055
pay,0.6931471805599453
payment,1.0986122886681098
pc,1.0986122886681098
pcmag,1.0986122886681098
peace,0.6931471805599453
peak,1.791759469228055
peer,0.6931471805599453
pen,0.6931471805599453
pencil,0.6931471805599453
people,0.6931471805599453
perceive,1.791759469228055
perception,0.6931471805599453
perceptions,1.0986122886681098
perfect,0.6931471805599453
perfection,1.791759469228055
perfectionism,1.791759469228055
performance,0.1823215567939546
performance capability,1.0986122886681098
performance tensor chip,1.0986122886681098
performant,0.6931471805599453
performer,0.6931471805599453
period,0.6931471805599453
periodic,1.791759469228055
periscope,1.0986122886681098
permission,1.0986122886681098
person,0.6931471805599453
personal,0.6931471805599453
personality,0.6931471805599453
personalization,1.0986122886681098
personalized,1.0986122886681098
perspective,0.6931471805599453
philosophy,0.6931471805599453
phone,0.4054651081081644
photo,0.6931471805599453
photographer,0.6931471805599453
photography,0.6931471805599453
photos,0.6931471805599453
physical,0.6931471805599453
pick,1.0986122886681098
picture,1.0986122886681098
pictureasso,1.791759469228055
pioneer,0.6931471805599453
pipeline,1.791759469228055
pixel,0.4054651081081644
pixel device,1.0986122886681098
pixel phone,0.6931471805599453
pixel series,0.6931471805599453
pixel series device,0.6931471805599453
pixel smartphone,1.0986122886681098
pixelbook,0.6931471805599453
pixels,0.6931471805599453
place,0.6931471805599453
placement,0.6931471805599453
plan,1.0986122886681098
plastic,0.6931471805599453
plasticky,1.791759469228055
platform,0.6931471805599453
play,0.6931471805599453
playback,0.6931471805599453
player,0.6931471805599453
playful,0.6931471805599453
playfulness,1.791759469228055
pleasing,1.0986122886681098
pleasure,0.6931471805599453
plenty,0.6931471805599453
plus,0.6931471805599453
po,0.6931471805599453
point,0.6931471805599453
points,0.6931471805599453
policy,0.6931471805599453
polish,0.6931471805599453
polished,0.6931471805599453
polymer,0.6931471805599453
poor,0.4054651081081644
popular,0.4054651081081644
popularity,1.0986122886681098
port,0.6931471805599453
portability,0.6931471805599453
portable,0.6931471805599453
portfolio,0.6931471805599453
portion,1.791759469228055
portrait,0.6931471805599453
position,0.6931471805599453
positioned,1.0986122886681098
positioning,0.6931471805599453
positive,0.6931471805599453
possibility,1.0986122886681098
possible,0.6931471805599453
post,1.791759469228055
posture,1.791759469228055
potential,0.6931471805599453
power,0.6931471805599453
powerful,0.6931471805599453
powerhouse,0.6931471805599453
powersave,1.791759469228055
powersaving,1.791759469228055
powershare,1.791759469228055
ppi,1.0986122886681098
practicality,1.791759469228055
practice,0.6931471805599453
pragmatism,1.791759469228055
praise,0.6931471805599453
praised,1.791759469228055
pre,0.6931471805599453
precise,1.791759469228055
precision,1.0986122886681098
predecessor,0.6931471805599453
predictable,1.791759469228055
preference,0.6931471805599453
preferences,1.791759469228055
preferred,1.791759469228055
premium,0.6931471805599453
presence,0.6931471805599453
present,0.6931471805599453
preservation,1.791759469228055
pressure,0.6931471805599453
prestige,1.791759469228055
prevalent,1.0986122886681098
previous,0.6931471805599453
price,0.6931471805599453
price point,0.6931471805599453
price range,1.0986122886681098
price tag,0.6931471805599453
pricey,0.6931471805599453
pricier,0.6931471805599453
pricing,0.6931471805599453
pricing strategy,1.0986122886681098
pricy,0.6931471805599453
pride,1.791759469228055
primary,0.6931471805599453
prime,1.791759469228055
principle,1.0986122886681098
prioritize,0.6931471805599453
priority,0.6931471805599453
privacy,0.6931471805599453
private,1.0986122886681098
privilege,1.791759469228055
pro,0.6931471805599453
proactive,1.0986122886681098
problem,0.6931471805599453
procedure,0.6931471805599453
process,0.6931471805599453
processing,0.6931471805599453
processing power,1.0986122886681098
processing speed,1.0986122886681098
processor,0.4054651081081644
processor speed,0.6931471805599453
processors,0.6931471805599453
procurement,1.791759469228055
product,0.6931471805599453
product lineup,1.0986122886681098
production,1.0986122886681098
productivity,0.6931471805599453
products,0.6931471805599453
professional,0.6931471805599453
professionals,1.791759469228055
profile,0.6931471805599453
profit,1.0986122886681098
program,0.6931471805599453
progress,1.0986122886681098
project,0.6931471805599453
proliferation,1.791759469228055
prolong,0.6931471805599453
prolonged,0.6931471805599453
prominence,1.791759469228055
prominent,0.6931471805599453
promise,1.791759469228055
promising,1.0986122886681098
promotion,0.6931471805599453
prompt,1.791759469228055
prone,0.6931471805599453
pronounced,1.0986122886681098
proof,1.791759469228055
proper,0.6931471805599453
proposition,0.6931471805599453
proprietary,0.6931471805599453
prospect,1.0986122886681098
protect,0.6931471805599453
protection,0.6931471805599453
protector,0.6931471805599453
protocol,1.791759469228055
protrusion,1.791759469228055
provider,0.6931471805599453
provides,1.791759469228055
prowess,0.6931471805599453
psychographic,1.0986122886681098
pubg,0.6931471805599453
public,1.0986122886681098
punch,1.791759469228055
purchase,0.6931471805599453
purchases,0.6931471805599453
purchasing,1.791759469228055
pure,0.6931471805599453
purpose,1.0986122886681098
pursuit,1.791759469228055
push,0.6931471805599453
q,1.791759469228055
qa,0.6931471805599453
qhd,1.791759469228055
qi,0.6931471805599453
qled,0.6931471805599453
quad,0.6931471805599453
qualcomm,0.4054651081081644
qualcomm chip,1.0986122886681098
qualcomm snapdragon,1.0986122886681098
quality,0.6931471805599453
quality display,1.0986122886681098
quality product,1.0986122886681098
query,1.0986122886681098
question,1.0986122886681098
quick,0.6931471805599453
quickcharge,0.6931471805599453
quirk,1.791759469228055
radeon,0.6931471805599453
radio,1.791759469228055
ram,0.6931471805599453
ram capability,1.0986122886681098
ram capacity,1.0986122886681098
ram option,1.0986122886681098
random,1.791759469228055
range,0.1823215567939546
ranking,0.6931471805599453
rapid,0.6931471805599453
rare,0.6931471805599453
rate,0.4054651081081644
rating,0.4054651081081644
ratings,0.6931471805599453
ratio,0.6931471805599453
rave,0.6931471805599453
raw,0.6931471805599453
rdna,1.0986122886681098
reach,0.6931471805599453
readable,1.791759469228055
real,0.6931471805599453
realism,1.791759469228055
reality,1.0986122886681098
realm,1.791759469228055
reason,0.6931471805599453
reasoning,1.0986122886681098
recall,1.0986122886681098
receive,1.791759469228055
receives,0.6931471805599453
recent,0.6931471805599453
recharge,1.791759469228055
recharging,0.6931471805599453
recognition,0.6931471805599453
recognizable,1.0986122886681098
recognized,1.791759469228055
recommendation,0.6931471805599453
recommendations,0.6931471805599453
record,0.6931471805599453
recording,0.6931471805599453
recyclability,1.791759469228055
recycling,1.791759469228055
red,0.6931471805599453
reduced,1.0986122886681098
reduction,1.791759469228055
refined,1.0986122886681098
refinement,0.6931471805599453
refresh,0.6931471805599453
refreshe,1.0986122886681098
refreshing,1.791759469228055
refrigerator,1.791759469228055
refurbishing,1.791759469228055
regard,0.6931471805599453
regarded,1.0986122886681098
region,0.6931471805599453
regular,0.6931471805599453
regulation,1.791759469228055
regulatory,0.6931471805599453
relation,0.6931471805599453
relationship,1.791759469228055
relative,0.6931471805599453
release,0.6931471805599453
releases,0.6931471805599453
releases android,1.0986122886681098
relevant,1.791759469228055
reliability,0.4054651081081644
reliability concern,1.0986122886681098
reliability issue,1.0986122886681098
reliability rating,1.0986122886681098
reliable,0.6931471805599453
reliance,0.6931471805599453
reliant,1.0986122886681098
relief,1.791759469228055
remarkable,0.6931471805599453
reminder,1.791759469228055
removable,0.6931471805599453
removal,1.0986122886681098
rendering,0.6931471805599453
renewable,1.0986122886681098
renowned,0.6931471805599453
rental,1.791759469228055
repair,0.4054651081081644
repairability,0.6931471805599453
repairable,0.6931471805599453
repairshark,0.6931471805599453
repeat,1.791759469228055
replaceable,1.0986122886681098
replacement,0.6931471805599453
report,0.6931471805599453
reported,1.0986122886681098
reporting,1.791759469228055
reports,0.6931471805599453
representation,1.791759469228055
representative,1.0986122886681098
represented,0.6931471805599453
reproduction,1.791759469228055
reputable,0.6931471805599453
reputation,0.6931471805599453
requirement,0.6931471805599453
res,0.6931471805599453
resale,1.0986122886681098
research,0.6931471805599453
researcher,1.791759469228055
reseller,1.791759469228055
reserve,1.791759469228055
resistance,0.6931471805599453
resistance rating,1.0986122886681098
resistant,0.6931471805599453
resolution,0.6931471805599453
resonant,1.0986122886681098
resource,0.6931471805599453
respect,1.791759469228055
respectable,0.6931471805599453
respective,0.6931471805599453
respondent,1.791759469228055
response,0.6931471805599453
responsibility,1.0986122886681098
responsible,0.6931471805599453
responsive,0.6931471805599453
responsiveness,0.6931471805599453
rest,1.791759469228055
restart,1.791759469228055
restriction,0.6931471805599453
restrictive,0.6931471805599453
result,0.6931471805599453
retail,1.791759469228055
retailer,1.0986122886681098
retention,0.6931471805599453
retina,0.6931471805599453
retro,1.791759469228055
return,1.791759469228055
revenue,0.6931471805599453
revenue growth,0.6931471805599453
review,0.6931471805599453
reviewer,0.6931471805599453
reviews,1.791759469228055
revolutionary,1.791759469228055
reward,1.791759469228055
rich,0.6931471805599453
richness,1.791759469228055
right,0.6931471805599453
rigid,1.791759469228055
rigor,1.791759469228055
rigorous,0.6931471805599453
rise,1.791759469228055
risk,0.6931471805599453
rival,0.6931471805599453
rivalry,0.6931471805599453
rob,1.791759469228055
robust,0.6931471805599453
robustness,0.6931471805599453
role,1.791759469228055
rollout,0.6931471805599453
rollout process,1.0986122886681098
rom,0.6931471805599453
ronald,1.791759469228055
room,0.6931471805599453
rooted,0.6931471805599453
rooting,1.791759469228055
rough,0.6931471805599453
rounded,0.6931471805599453
rugged,0.6931471805599453
ruggedness,0.6931471805599453
run,0.6931471805599453
rundown,0.6931471805599453
runs,1.791759469228055
rx,1.0986122886681098
s,0.4054651081081644
s series,0.6931471805599453
saas,1.791759469228055
safari,1.791759469228055
safe,0.6931471805599453
sale,0.6931471805599453
samsung,0.6931471805599453
samsung device,0.6931471805599453
samsung galaxy ultra,1.0986122886681098
samsung phone,1.0986122886681098
samsung product,1.0986122886681098
samsungs,0.6931471805599453
san,1.791759469228055
sandwich,1.791759469228055
sanghoe,1.791759469228055
sans,1.0986122886681098
satellite,1.791759469228055
satisfaction,0.6931471805599453
satisfied,1.0986122886681098
satisfying,1.0986122886681098
saturation,0.6931471805599453
save,1.0986122886681098
saver,1.0986122886681098
saving,0.6931471805599453
saving mode,1.0986122886681098
savvy,0.6931471805599453
scalable,1.791759469228055
scale,1.791759469228055
scam,1.791759469228055
scan,1.791759469228055
scandinavian,1.791759469228055
scanning,0.6931471805599453
scarcity,1.791759469228055
scenario,0.4054651081081644
scene,1.791759469228055
schedule,0.6931471805599453
scheduling,1.791759469228055
scheme,0.6931471805599453
scoop,0.6931471805599453
score,0.6931471805599453
scores,1.791759469228055
scratch,1.0986122886681098
screen,0.6931471805599453
screw,1.0986122886681098
scrutiny,0.6931471805599453
sd,1.0986122886681098
se,1.0986122886681098
seamless,0.4054651081081644
search,0.6931471805599453
second,0.6931471805599453
secure,0.6931471805599453
security,0.6931471805599453
security patch,0.6931471805599453
segment,0.6931471805599453
select,0.6931471805599453
selection,0.6931471805599453
self,1.791759469228055
selfie,1.791759469228055
selling,0.6931471805599453
semiconductor,1.791759469228055
senior,1.0986122886681098
sense,0.6931471805599453
sensibility,1.791759469228055
sensing,1.791759469228055
sensitive,0.6931471805599453
sensitivity,1.791759469228055
sensor,0.6931471805599453
sentiment,1.791759469228055
seo,1.791759469228055
separate,0.6931471805599453
sergey,1.791759469228055
serie,0.6931471805599453
series,0.0
series chip,0.6931471805599453
series processor,0.6931471805599453
serif,1.0986122886681098
server,1.791759469228055
service,0.4054651081081644
services,0.6931471805599453
session,0.6931471805599453
set,0.6931471805599453
setting,0.6931471805599453
settings,1.791759469228055
setup,0.6931471805599453
shade,0.6931471805599453
shallow,1.791759469228055
shape,0.6931471805599453
share,0.6931471805599453
sharing,0.6931471805599453
sharp,0.6931471805599453
shattering,1.0986122886681098
sheer,0.6931471805599453
sheet,1.791759469228055
sheets,1.791759469228055
shift,0.6931471805599453
shipment,1.0986122886681098
shock,1.791759469228055
shooting,1.791759469228055
shop,1.0986122886681098
shopping,0.6931471805599453
short,0.6931471805599453
shortage,1.791759469228055
shorter,0.6931471805599453
shot,0.6931471805599453
shutdown,0.6931471805599453
sight,0.6931471805599453
sign,1.0986122886681098
signal,1.0986122886681098
significant,0.6931471805599453
silicon,1.0986122886681098
silver,1.791759469228055
sim,1.791759469228055
similar,0.6931471805599453
similarities,0.6931471805599453
simple,0.6931471805599453
simplicity,0.6931471805599453
simplification,1.0986122886681098
simplifie,1.791759469228055
simpllicity,1.791759469228055
single,0.6931471805599453
siri,0.6931471805599453
situation,0.6931471805599453
size,0.6931471805599453
sized,1.791759469228055
skin,0.6931471805599453
slate,0.6931471805599453
sleek,0.6931471805599453
sleeker,0.6931471805599453
sleekness,1.0986122886681098
slides,1.791759469228055
slight,0.6931471805599453
slim,1.791759469228055
slogan,1.791759469228055
slot,0.6931471805599453
slow,0.6931471805599453
slowdown,0.6931471805599453
sluggish,0.6931471805599453
sm,1.791759469228055
small,0.6931471805599453
smart,0.6931471805599453
smartphone,0.6931471805599453
smartphones,0.6931471805599453
smartthings,1.0986122886681098
smartwatch,1.0986122886681098
smartwatche,0.6931471805599453
sme,1.791759469228055
smooth,0.6931471805599453
smoother,0.6931471805599453
snagging,1.0986122886681098
snapdragon,0.4054651081081644
snapdragon processor,1.0986122886681098
snapdragon series,1.0986122886681098
snapper,1.791759469228055
snappiness,1.0986122886681098
snappy,0.6931471805599453
soc,0.6931471805599453
social,0.6931471805599453
socs,1.0986122886681098
software,0.4054651081081644
software performance,1.0986122886681098
software update,0.6931471805599453
solid,0.6931471805599453
solution,0.6931471805599453
solutions,1.791759469228055
solving,1.791759469228055
sony,0.6931471805599453
sophisticated,1.0986122886681098
sophistication,0.6931471805599453
sound,1.0986122886681098
source,0.6931471805599453
south,1.791759469228055
space,0.6931471805599453
span,1.791759469228055
spare,1.791759469228055
speaker,0.6931471805599453
spec,0.6931471805599453
specialized,1.791759469228055
specific,0.6931471805599453
specification,0.6931471805599453
spectrum,1.791759469228055
speed,0.4054651081081644
speeds,1.0986122886681098
speedy,1.0986122886681098
spill,1.791759469228055
spirit,1.791759469228055
split,1.791759469228055
sporty,1.791759469228055
spot,0.6931471805599453
spuden,1.0986122886681098
spy,0.6931471805599453
sqc,1.791759469228055
square,1.791759469228055
ssd,1.0986122886681098
ssnlf,0.6931471805599453
stability,0.6931471805599453
stabilization,0.6931471805599453
stable,0.6931471805599453
stack,1.791759469228055
stadia,0.6931471805599453
stage,1.791759469228055
stainless,0.6931471805599453
stance,1.0986122886681098
standalone,1.0986122886681098
standard,0.6931471805599453
standby,0.6931471805599453
standout,1.0986122886681098
standpoint,0.6931471805599453
stanford,1.791759469228055
staple,0.6931471805599453
star,0.4054651081081644
starlight,1.791759469228055
start,0.6931471805599453
startup,1.0986122886681098
statement,1.0986122886681098
states,1.791759469228055
station,1.791759469228055
statista,0.6931471805599453
status,1.0986122886681098
steady,0.6931471805599453
steel,0.6931471805599453
steep,0.6931471805599453
steeper,1.791759469228055
stellar,1.0986122886681098
step,0.6931471805599453
steve,1.791759469228055
stiff,0.6931471805599453
stock,0.6931471805599453
stop,1.0986122886681098
storage,0.4054651081081644
storage option,0.6931471805599453
store,0.6931471805599453
stores,1.0986122886681098
storytelling,1.791759469228055
straightforward,1.0986122886681098
straining,1.791759469228055
stranger,0.6931471805599453
strategies,1.0986122886681098
strategy,0.6931471805599453
stream,1.791759469228055
streaming,0.6931471805599453
streamlined,0.6931471805599453
strength,0.6931471805599453
strengths,0.6931471805599453
strict,0.6931471805599453
stride,0.6931471805599453
strong,0.6931471805599453
struggle,0.6931471805599453
stuck,1.791759469228055
student,1.0986122886681098
studio,1.0986122886681098
study,0.6931471805599453
stunning,0.6931471805599453
sturdy,0.6931471805599453
stuttering,1.791759469228055
style,0.6931471805599453
stylish,0.6931471805599453
stylized,1.791759469228055
stylus,0.6931471805599453
subdued,1.791759469228055
subject,1.0986122886681098
subjective,0.6931471805599453
subpar,1.0986122886681098
subsequent,1.791759469228055
subsidiary,1.0986122886681098
substance,1.791759469228055
substantial,0.6931471805599453
subtle,1.0986122886681098
success,0.6931471805599453
successful,1.791759469228055
sudden,0.6931471805599453
sufficient,0.6931471805599453
suhd,0.6931471805599453
suit,0.6931471805599453
suitable,0.6931471805599453
suite,1.0986122886681098
suited,0.6931471805599453
summary,0.6931471805599453
super,0.6931471805599453
superior,0.6931471805599453
superiority,0.6931471805599453
supplier,1.0986122886681098
supply,0.6931471805599453
support,0.6931471805599453
supports,0.6931471805599453
supremacy,0.6931471805599453
sure,1.791759469228055
surface,1.791759469228055
surveillance,1.791759469228055
survey,0.6931471805599453
sustainability,0.6931471805599453
sustainable,0.6931471805599453
sweet,1.791759469228055
swift,1.0986122886681098
switch,1.791759469228055
switching,1.0986122886681098
symbian,1.791759469228055
symbol,1.791759469228055
synchronization,0.6931471805599453
synonymous,1.791759469228055
system,0.4054651081081644
systems,1.0986122886681098
t,0.6931471805599453
tab,0.6931471805599453
table,0.6931471805599453
tablet,0.6931471805599453
tactile,0.6931471805599453
tad,1.0986122886681098
tag,0.6931471805599453
tailwind,1.0986122886681098
tailwind cpu,1.0986122886681098
takeaway,0.6931471805599453
takeaways,0.6931471805599453
taking,0.6931471805599453
talk,0.6931471805599453
tandem,1.0986122886681098
target,0.6931471805599453
targeting,1.791759469228055
task,0.6931471805599453
tasking,0.6931471805599453
taste,1.791759469228055
tb,0.6931471805599453
teacher,1.791759469228055
team,0.6931471805599453
tear,1.0986122886681098
tech,0.6931471805599453
techcrunch,0.6931471805599453
technical,0.6931471805599453
technique,0.6931471805599453
technological,0.6931471805599453
technologies,1.0986122886681098
technology,0.6931471805599453
techradar,0.6931471805599453
tegra,1.791759469228055
telephoto,0.6931471805599453
television,1.791759469228055
temperature,0.6931471805599453
tempest,1.791759469228055
tend,0.6931471805599453
tendency,1.0986122886681098
tensor,0.6931471805599453
term,0.6931471805599453
terminator,1.791759469228055
test,0.6931471805599453
testing,0.6931471805599453
text,1.0986122886681098
textile,1.791759469228055
texture,1.0986122886681098
texturing,1.791759469228055
tflop,1.0986122886681098
thank,0.4054651081081644
theft,1.0986122886681098
theme,0.6931471805599453
thermal,1.791759469228055
thick,0.6931471805599453
thin,0.6931471805599453
thing,0.6931471805599453
think,1.791759469228055
thinker,1.791759469228055
thinking,1.0986122886681098
thinning,1.791759469228055
thorough,0.6931471805599453
threaded,0.6931471805599453
threat,0.6931471805599453
throttling,0.6931471805599453
tick,0.6931471805599453
tier,0.6931471805599453
tight,0.6931471805599453
tim,1.791759469228055
time,0.6931471805599453
timeless,0.6931471805599453
timely,0.6931471805599453
times,1.0986122886681098
tip,0.6931471805599453
title,0.6931471805599453
tizen,0.6931471805599453
tlc,1.791759469228055
today,0.6931471805599453
tone,0.6931471805599453
tool,0.6931471805599453
topic,0.6931471805599453
topmost,1.791759469228055
total,1.791759469228055
touch,0.6931471805599453
touch id,1.0986122886681098
touchscreen,0.6931471805599453
touchscreens,1.791759469228055
touchwiz,1.791759469228055
tough,1.791759469228055
tpu,0.6931471805599453
track,0.6931471805599453
tracker,1.791759469228055
tracking,0.6931471805599453
traction,1.0986122886681098
trade,0.6931471805599453
trading,1.791759469228055
tradition,1.791759469228055
traditional,0.6931471805599453
traffic,1.791759469228055
transfer,0.6931471805599453
transformation,0.6931471805599453
transition,0.6931471805599453
translate,1.791759469228055
transparency,1.791759469228055
transparent,1.791759469228055
treble,1.791759469228055
trend,0.6931471805599453
trends,1.0986122886681098
trendy,1.791759469228055
triangle,1.791759469228055
tricky,0.6931471805599453
triple,0.6931471805599453
trouble,1.791759469228055
troubleshoot,0.6931471805599453
troubleshooting,1.791759469228055
true,0.6931471805599453
truedepth,1.791759469228055
trust,0.6931471805599453
trusted,1.0986122886681098
trustpilot,0.6931471805599453
trustworthiness,1.791759469228055
trustworthy,0.6931471805599453
tsmc,1.0986122886681098
tuesday,1.791759469228055
turn,0.6931471805599453
tutorial,1.0986122886681098
tv,0.6931471805599453
tvo,0.6931471805599453
tweak,0.6931471805599453
tweaking,1.791759469228055
type,0.6931471805599453
typical,0.6931471805599453
typing,1.791759469228055
typography,1.0986122886681098
ufs,0.6931471805599453
uhd,1.791759469228055
ui,0.6931471805599453
ui interface,1.0986122886681098
uk,1.791759469228055
ul,1.791759469228055
ultimate,0.6931471805599453
ultra,0.6931471805599453
umbrella,1.791759469228055
unauthorized,0.6931471805599453
unbeatable,1.791759469228055
unchanged,1.791759469228055
understanding,0.6931471805599453
understated,1.791759469228055
underwhelming,1.791759469228055
uneven,1.791759469228055
unfamiliar,1.791759469228055
unibodie,1.0986122886681098
unified,0.6931471805599453
uninspired,0.6931471805599453
unique,0.6931471805599453
unit,0.6931471805599453
united,1.791759469228055
units,0.6931471805599453
unity,1.791759469228055
universe,1.791759469228055
university,1.791759469228055
unmatched,0.6931471805599453
unnecessary,0.6931471805599453
unnoticed,1.791759469228055
unparalleled,0.6931471805599453
unpredictable,1.791759469228055
unreliable,1.0986122886681098
unresponsive,1.791759469228055
unused,1.791759469228055
up,1.0986122886681098
upcoming,1.791759469228055
update,0.6931471805599453
update cycle,0.6931471805599453
update policy,0.6931471805599453
updates,0.6931471805599453
upfront,1.0986122886681098
upgradability,1.0986122886681098
upgradable,0.6931471805599453
upgrade,0.6931471805599453
upgradeable,1.791759469228055
upgrades,1.791759469228055
upgrading,1.791759469228055
upper,1.0986122886681098
usability,1.0986122886681098
usage,0.6931471805599453
usb,0.6931471805599453
usd,1.791759469228055
use,0.4054651081081644
useful,0.6931471805599453
user,0.4054651081081644
user experience,1.0986122886681098
user interface,0.6931471805599453
uses,1.0986122886681098
usual,1.791759469228055
utilitarian,0.6931471805599453
utilization,1.791759469228055
utilizes,1.791759469228055
ux,1.791759469228055
validity,1.791759469228055
valuable,0.6931471805599453
value,0.6931471805599453
variability,0.6931471805599453
variable,0.6931471805599453
variant,0.6931471805599453
variation,0.6931471805599453
variations,0.6931471805599453
varie,0.6931471805599453
varied,0.6931471805599453
varies,0.6931471805599453
variety,0.6931471805599453
varying,0.6931471805599453
vast,0.6931471805599453
vehicle,1.791759469228055
vendor,1.791759469228055
verdict,0.6931471805599453
verge,1.0986122886681098
verizon,1.791759469228055
versatile,0.6931471805599453
versatility,0.6931471805599453
version,0.6931471805599453
vertical,1.791759469228055
viable,0.6931471805599453
vibrant,0.6931471805599453
victus,1.0986122886681098
video,0.6931471805599453
videographer,1.0986122886681098
view,0.6931471805599453
viewing,0.6931471805599453
virtual,0.6931471805599453
virus,0.6931471805599453
visibility,1.791759469228055
vision,1.0986122886681098
visual,0.6931471805599453
vital,1.791759469228055
vivid,1.0986122886681098
vivo,1.791759469228055
voice,0.6931471805599453
volume,1.791759469228055
vulnerability,0.6931471805599453
vulnerable,0.6931471805599453
w,1.0986122886681098
wait,1.791759469228055
wallet,0.6931471805599453
wallpaper,1.791759469228055
war,1.791759469228055
warning,1.0986122886681098
warp,1.791759469228055
warranty,0.6931471805599453
waste,0.6931471805599453
watch,0.6931471805599453
watches,1.791759469228055
watching,1.791759469228055
watchos,0.6931471805599453
water,0.6931471805599453
wave,1.791759469228055
waves,0.6931471805599453
way,0.6931471805599453
waymo,1.791759469228055
wayne,1.791759469228055
weakness,0.6931471805599453
weaknesses,0.6931471805599453
wear,0.6931471805599453
wearable,0.6931471805599453
wearables,0.6931471805599453
web,0.6931471805599453
website,0.6931471805599453
week,0.6931471805599453
weight,1.0986122886681098
well,0.6931471805599453
wellness,1.791759469228055
whimsy,1.791759469228055
whistle,1.0986122886681098
white,0.6931471805599453
wholeness,1.791759469228055
wi,0.6931471805599453
wide,0.4054651081081644
widespread,0.6931471805599453
widget,0.6931471805599453
willing,0.6931471805599453
willingness,1.0986122886681098
windows,0.6931471805599453
winner,0.6931471805599453
wireless,0.6931471805599453
wise,0.6931471805599453
word,1.0986122886681098
work,0.6931471805599453
worker,1.791759469228055
workload,0.6931471805599453
workshop,1.791759469228055
world,0.6931471805599453
worldview,1.791759469228055
worth,0.6931471805599453
worthwhile,1.791759469228055
wozniak,1.791759469228055
writing,1.0986122886681098
x,0.6931471805599453
xcover,0.6931471805599453
xdr,0.6931471805599453
xe,1.791759469228055
xiaomi,1.0986122886681098
xl,0.6931471805599453
year,0.6931471805599453
young,0.6931471805599453
younger,1.0986122886681098
youth,1.791759469228055
youtube,0.6931471805599453
z,0.6931471805599453
z fold,1.0986122886681098
zen,0.6931471805599453
zoom,0.6931471805599453
