,factor_1,factor_2,factor_3,factor_4,factor_5,factor_6
accessibility,0.09038447290939206,0.019455703807040724,0.017326248169163595,0.02752834009100314,-0.004504896349856287,0.0015366002757212353
accessible,-0.0015019227777681035,-0.016307137042844703,0.0008390893011536016,0.0015096660788923599,0.0015961372002535877,9.344814244306551e-05
accessory,-0.014559748920101118,0.022169596427239868,-0.016880153922487904,0.004636558323969196,0.0006504549407507355,-0.0007978640821484543
accuracy,0.004695646714381668,-0.028037911368847517,0.004572613926556076,0.0033966542377944875,0.0022227270432671,0.0003438468861802678
accurate,0.07747756908045277,0.024132528823159874,0.016865847705176275,0.02016511290205069,-0.005052632036664639,0.0013363823731155778
adaptability,0.11209838514047242,-0.04401085089134971,0.012284352826068004,0.056400027702670295,0.0035543382809633908,0.0020008796122723254
adaptable,0.03723891787453816,-0.01848958757091947,0.07046462815455447,-0.04625457843654111,-0.010985906648065856,0.002638301701024169
adapter,0.03723891787453816,-0.01848958757091947,0.07046462815455447,-0.04625457843654111,-0.010985906648065856,0.002638301701024169
adequate,-0.053171374927423076,-0.03814834145674827,0.01727151403771128,-0.03824021941666457,0.00034128066330272553,4.736001335676976e-05
aesthetic,0.0050503461814058416,0.025436304854282367,-0.004310842667083584,0.0020689919269817362,-0.0018937811910008282,-0.0002001818503283991
affordability,0.006803314123696516,-0.07687692555272425,-0.0037464755251113476,0.022184776223810272,0.009122084103050165,0.0003877548966236001
affordable,0.0051859258699792216,-0.03789680241360535,0.00406746071962918,0.006061316256752019,0.0033934764877124,0.0003880629796181671
ai,0.047421403676055074,-0.05900001871066364,0.015466064951521266,0.021479091479990147,0.003939740947094002,0.0013653765383292557
ai assistant,-0.004688989281266105,-0.021502846532535008,0.0346494900018212,-0.03267707956451302,-0.004281941614792029,0.0010760665197488137
airdrop,-0.00721550673039888,0.09392465674486342,-0.06821212259249138,0.0455633998302693,0.0026670520054739733,-0.0026012878162870318
algorithm,0.04639029401639149,0.002295619369455293,0.017549570836226023,0.007039978326730725,-0.0031188006265967265,0.0010846214227327794
algorithms,0.03723891787453816,-0.01848958757091947,0.07046462815455447,-0.04625457843654111,-0.010985906648065856,0.002638301701024169
aluminum,-0.045870923810151766,0.0347487905617862,-0.053719224418826726,0.02191006914757219,0.005960863426794774,-0.0023410535823071596
amoled,-0.04987665838043195,-0.08554579703186947,-0.07382587747581923,0.0628776891775032,0.02279098714803447,-0.002336733115693697
android,0.036243490692686404,-0.03660088467451782,0.016392186492433753,0.010250990818333078,0.00122251443601128,0.001132425350052464
android device,-0.004688989281266105,-0.021502846532535008,0.0346494900018212,-0.03267707956451302,-0.004281941614792029,0.0010760665197488137
android interface,0.008308802811086192,0.012343008758038,0.035432122745500595,-0.03301487895933712,-0.007975842717974732,0.0010800458724829108
android operating system,-0.004688989281266105,-0.021502846532535008,0.0346494900018212,-0.03267707956451302,-0.004281941614792029,0.0010760665197488137
animation,0.0029193468740886254,-0.004022877089714727,0.00248261160478221,-0.00011791992386721158,-5.23851978827121e-06,0.00013117619889333604
annoying,0.030056471733790883,0.021067306597259562,0.009271013663215772,0.002863423068176323,-0.003747927666295762,0.0005358325899974905
aperture,-0.03086788474911967,-0.013218866302339611,0.01184887322784101,-0.025726248634304952,-0.0011164057505042046,3.315813915477807e-05
app,0.06205448949815923,-0.01022456075589005,-0.1234322259591354,-0.18804071289497348,-0.012146756164348611,0.0003631572798932244
appealing,0.0005869281216981368,0.019128520071226954,-0.004667029862451714,0.00124639614030605,-0.001185620898123583,-0.00023265940745946636
appearance,-0.032299856678947386,-0.04503833834546454,-0.029794252982254493,0.02088133878094144,0.010219008700847772,-0.001038936097920628
approachable,0.008308802811086192,0.012343008758038,0.035432122745500595,-0.03301487895933712,-0.007975842717974732,0.0010800458724829108
apps,-0.053171374927423076,-0.03814834145674827,0.01727151403771128,-0.03824021941666457,0.00034128066330272553,4.736001335676976e-05
aspirational,-0.019734686518182675,0.05879741525278789,0.02130087268870854,-0.043010902113896195,-0.010615659007960085,6.38635425445944e-05
assistant,0.10786128158555125,-0.09134976166274192,0.005250412954358556,0.07022589770340783,0.009984577651889811,0.001995118140242624
attractive,0.013051722773901956,-0.03342679277570812,0.008640356595029298,0.004886173054384965,0.0021188715005779853,0.0005970422478260101
audio,-0.004563425368508563,0.005959246503916175,-0.004176172596837598,0.0005403824843325368,9.993561277541073e-05,-0.0002119736263061371
authentication,-0.006682020997543295,-7.059064474835815e-05,-0.004408459332769056,0.0007981102499299063,0.00077757626610142,-0.00021294776041516514
autofocus,-0.019734686518182675,0.05879741525278789,0.02130087268870854,-0.043010902113896195,-0.010615659007960085,6.38635425445944e-05
automation,0.04011772439227279,-0.07405190140908854,0.011162382934975262,0.024730030771245286,0.006317457146168779,0.001228174630812263
autonomous,0.03723891787453816,-0.01848958757091947,0.07046462815455447,-0.04625457843654111,-0.010985906648065856,0.002638301701024169
backup,0.07185936314463909,-0.030065315120473314,0.01963764197819147,0.024863662328626305,0.00024927056412326156,0.0016386223524843572
backups,-0.019734686518182675,0.05879741525278789,0.02130087268870854,-0.043010902113896195,-0.010615659007960085,6.38635425445944e-05
bad,-0.010552748201770532,0.013138656580313303,-0.010475912901339538,0.0021841200572533287,0.0004559931299509489,-0.0005108174674113426
banking,-0.053171374927423076,-0.03814834145674827,0.01727151403771128,-0.03824021941666457,0.00034128066330272553,4.736001335676976e-05
battery,-0.00979422352609473,-0.010998908578714637,-0.005616295494417797,0.0027615851519604967,-0.007506341207337715,-0.00047249051354519367
battery capacity,-0.04124797908455019,0.014938339359144865,-0.040014644149803325,0.014637783592968684,0.0055583662970845275,-0.001773657428869651
battery drain,-0.02051720720858707,-0.02970596966142825,-0.014524706617789686,0.009117642294691381,0.005775879178646713,-0.0005245884401086312
battery life,-0.01881645672874444,-0.019581624057132724,-0.012393250035653678,0.005965530336123226,0.004289586507358984,-0.0004949623848213735
beautiful,-0.021652641383256684,0.046248341363572164,0.0015127949132490086,-0.022022917050960888,-0.005520550122529655,-0.00047487246540363435
bendable,-0.053171374927423076,-0.03814834145674827,0.01727151403771128,-0.03824021941666457,0.00034128066330272553,4.736001335676976e-05
bezel,0.05160089414037621,-0.022766085209466404,0.019488453953461594,0.012746591123181357,-0.0007146768526736304,0.001341455426094776
biased,-0.019734686518182675,0.05879741525278789,0.02130087268870854,-0.043010902113896195,-0.010615659007960085,6.38635425445944e-05
biometric,-0.02578164740062853,0.008074025170167441,-0.022025707920750492,0.006436863197683229,0.0030453201131403216,-0.0010140126949097171
bionic chip,-0.026263370856455626,0.005677536299301323,0.013535730212623671,-0.028573960068967473,-0.003441903186042232,3.8949469722718786e-05
bixby,-0.026497969781495642,-0.08013392196251723,-0.03645478815965592,0.03735589124610164,0.0153485789057436,-0.0009737939294201298
bland,-0.003337221651538088,-0.03684484706455974,-0.0012679282959854675,0.006574105096005629,0.004206784939842902,0.00011877352356739817
bloat,-0.03278158013477444,-0.04743482721633065,0.00576718515111966,-0.014129484485709243,0.0037317854016652163,1.4026066711807886e-05
bloatware,0.0024331085565342746,-0.02037192752484033,0.003390393054926984,0.0018761305334480374,0.0015924481225538449,0.0002395838809066619
bluetooth,0.021768275627565496,0.02436758686863235,0.004864766813845093,0.0021483584118742517,-0.0033525135690145843,0.0002847441832816122
bokeh,-0.03899808522176153,-0.007028620613475688,-0.0333359291333702,0.013467112486490386,0.0066986592792751525,-0.0014310683125710545
boring,0.03723891787453816,-0.01848958757091947,0.07046462815455447,-0.04625457843654111,-0.010985906648065856,0.002638301701024169
bright,0.03532091192583236,-0.016712688234336123,0.016772014966176585,0.005544202165184478,-0.0010173686007893712,0.0010252568447985766
brightness,-0.0022568982628519306,-0.031003034642247705,4.707145197704119e-05,0.0047240549834084156,0.003334019336775636,0.00013961137866325517
browser,0.03723891787453816,-0.01848958757091947,0.07046462815455447,-0.04625457843654111,-0.010985906648065856,0.002638301701024169
browsing,0.01986791728448111,-0.039277971401396175,0.011094848771037676,0.007237146396657374,0.0023558770462650943,0.0007859871145570694
buggy,0.00562778931752993,-0.07521775078089465,-0.003985843157162996,0.021471789403615903,0.008975772557276787,0.00035708953047067097
build,-0.009326239078058159,0.013955498552145193,-0.009805743236729824,0.0020202269876213133,0.00025236724013530566,-0.00048013633242085434
build quality,-0.004688989281266105,-0.021502846532535008,0.0346494900018212,-0.03267707956451302,-0.004281941614792029,0.0010760665197488137
bulkier,-0.03251993938208234,-0.02714443367554369,0.009785190311855997,-0.021881935049094636,0.0007701202735889404,2.654679439678093e-05
bulky,-0.0035988624042302027,-0.057135240605346714,-0.005285933456721796,0.014326555659391014,0.007168450067919178,0.0001062527958824252
button,0.03587915469635962,-0.04288329545509326,0.015699518763265946,0.011953469889043588,0.00203217441032364,0.0011412230492136603
cable,0.0006694530112999581,0.01794408288290582,-0.004196103411650903,0.0010527511826110797,-0.0011455315019788964,-0.00021141291740526047
calendar,0.30517911600859027,-0.11499634063532932,-0.28130092348869906,-0.16462881967967619,0.0009821972642359354,0.001919287577192536
calibration,0.04550718032927034,-0.05768601556133581,0.044111894075693624,-0.008166928264224615,-0.0016531470520176781,0.0021770443044018366
camera,0.014902471366155448,-0.026627170707237004,0.009854875670460289,0.003363756437227719,0.0011687958705411613,0.0006194247962067793
camera app,-0.004688989281266105,-0.021502846532535008,0.0346494900018212,-0.03267707956451302,-0.004281941614792029,0.0010760665197488137
camera capability,-0.004688989281266105,-0.021502846532535008,0.0346494900018212,-0.03267707956451302,-0.004281941614792029,0.0010760665197488137
camera hardware,-0.03899808522176153,-0.007028620613475688,-0.0333359291333702,0.013467112486490386,0.0066986592792751525,-0.0014310683125710545
cameras,-0.03981687512419977,-0.05605187797465756,-0.04295580118974107,0.032010542587640106,0.013835766122995431,-0.0014610682173300583
capacity,-0.02302409028846427,-0.017411180630503294,-0.016246838995832277,0.007107969892008594,0.0047431253435416655,-0.0006726481035149728
capacity loss rate,-0.026263370856455626,0.005677536299301323,0.013535730212623671,-0.028573960068967473,-0.003441903186042232,3.8949469722718786e-05
card slot,-0.02051720720858707,-0.02970596966142825,-0.014524706617789686,0.009117642294691381,0.005775879178646713,-0.0005245884401086312
casing,-0.019734686518182675,0.05879741525278789,0.02130087268870854,-0.043010902113896195,-0.010615659007960085,6.38635425445944e-05
cellular,0.0006694530112999581,0.01794408288290582,-0.004196103411650903,0.0010527511826110797,-0.0011455315019788964,-0.00021141291740526047
censorship,0.03723891787453816,-0.01848958757091947,0.07046462815455447,-0.04625457843654111,-0.010985906648065856,0.002638301701024169
ceramic,-0.02051720720858707,-0.02970596966142825,-0.014524706617789686,0.009117642294691381,0.005775879178646713,-0.0005245884401086312
charge,0.003562685362220643,-0.0030041661958909254,0.0027143179516056362,-0.00019909170151360505,-0.00015339737036880008,0.0001405751396909633
charge level,-0.026263370856455626,0.005677536299301323,0.013535730212623671,-0.028573960068967473,-0.003441903186042232,3.8949469722718786e-05
charger,-0.001791699838732792,0.010925701873729876,-0.0035925855396301454,0.0004899167207759922,-0.0005224424002101744,-0.00018677962420108016
charging,-0.015839762591130273,-0.031829863864807476,-0.017199900207367416,0.023266102694798424,-0.24695938493935415,-0.0069244339531883345
chat,0.03723891787453816,-0.01848958757091947,0.07046462815455447,-0.04625457843654111,-0.010985906648065856,0.002638301701024169
cheap,-0.022844330799388697,-0.015941038286117846,-0.016088970955074864,0.00676440044060778,0.0045553907139919796,-0.0006736481516370327
chic,-0.03278158013477444,-0.04743482721633065,0.00576718515111966,-0.014129484485709243,0.0037317854016652163,1.4026066711807886e-05
chip,-0.011166413939207824,0.029632588877871235,-0.02620399048479058,0.021132626008375725,-0.2016973043126422,-0.006195828418362032
chipset,-0.02510660524217143,-0.023442814686637104,-0.018440175373568703,0.009327321183219642,0.005793140241935433,-0.0007308498569582763
chromecast,0.11615462604547347,0.04064960377158193,0.040227838142969596,0.014572477349602207,-0.010893282300370071,0.002419075084300982
clarity,0.04189490356173899,-0.00391472623303828,0.048435079369765745,-0.024755815757996014,-0.008345086804242065,0.0019702686667818436
clock,-0.019178198448544043,0.0007117524977096291,-0.014417815485454401,0.003862113424592993,0.002467141446086578,-0.000668017286106857
cloud,0.275737742688682,-0.06958451850886688,-0.23354604659297962,-0.15549963696819732,-0.004558563723451628,0.001970692884642633
clunky,-0.05317137492742309,-0.03814834145674829,0.017271514037711287,-0.038240219416664584,0.00034128066330272564,4.736001335676978e-05
clutter,0.009617575416902781,-0.04203259482170359,0.0060242877558979125,0.007296306370583842,0.0035151109017843465,0.0005233084135437628
cluttered,-0.014132433744000838,-0.018664757757683708,-0.008381005056608107,0.004325774492122983,0.0034755560847186118,-0.0003232242095337424
coating,0.03723891787453816,-0.01848958757091947,0.07046462815455447,-0.04625457843654111,-0.010985906648065856,0.002638301701024169
collaboration,0.03723891787453816,-0.01848958757091947,0.07046462815455447,-0.04625457843654111,-0.010985906648065856,0.002638301701024169
collaborative,0.03723891787453816,-0.01848958757091947,0.07046462815455447,-0.04625457843654111,-0.010985906648065856,0.002638301701024169
color,-0.020351140071760268,-0.007022725452607028,-0.014338928042837644,0.00464729945788332,0.003280145224738941,-0.0006388469420310183
color option,-0.004688989281266105,-0.021502846532535008,0.0346494900018212,-0.03267707956451302,-0.004281941614792029,0.0010760665197488137
colorful,-0.04270495950346044,-0.06059141883172769,-0.04886781622257379,0.037192808518814374,0.015420948304979823,-0.0016467594235359995
comfort,0.03723891787453816,-0.01848958757091947,0.07046462815455447,-0.04625457843654111,-0.010985906648065856,0.002638301701024169
comfortable,0.0407477588353661,-0.046766272113851794,0.04534682133256688,-0.014046786779945588,-0.003119548902420848,0.0020951611821228362
compact,-0.0032272984597460945,0.030499033397993106,-0.012019725050329857,0.004290077009407963,-0.0010633742567761817,-0.0005577568294958502
compatibility,0.011484824027972823,-0.0021185592611157626,0.006863039750406943,-0.00023260386949461984,-0.0009579528074594377,0.0003570287666688996
compatible,0.0526601523935805,-0.025640430694429693,-0.24238708907324222,-0.31925669313148947,-0.014652805781080762,-0.0009105149454294104
complexity,-0.021662756062801422,-0.023245990319148164,-0.015106222819654203,0.007833507117745461,0.005173633812238779,-0.0005907226009442125
complicated,-0.005067041866632416,-0.012220248046098501,-0.0017733349989816692,0.0013977062466972146,0.0016126671472775822,-4.9973921756980155e-05
computer,0.016989545816883618,0.10568555514759358,-0.061965592950756786,0.05008107477556705,0.00044499089803637354,-0.002177699482541313
confusing,-0.05690752025604086,-0.023185157788258748,-0.013737316385762905,-0.012422060104917265,0.0045596330222384485,-0.0009919526797061672
connection,0.03399650980427737,0.11127887850067965,-0.055811248666596376,0.05202212331643308,-0.0011611745643193066,-0.0018138063359373683
connectivity,-0.03508882251905211,-0.04232433942492907,-0.03240117946591494,0.02144470524217675,0.010391176567149671,-0.001165108989398403
connector,-0.053171374927423076,-0.03814834145674827,0.01727151403771128,-0.03824021941666457,0.00034128066330272553,4.736001335676976e-05
consistency,0.007778181815281504,0.024548353901077388,-0.0023296962295196104,0.0017403205062522145,-0.0021461099424104884,-0.00010298828812291403
consistent,0.008533935897872977,0.02275836989184833,-0.0011999970974465052,0.0013719210100905912,-0.002158553175574199,-5.0683752751424875e-05
console,-0.053171374927423076,-0.03814834145674827,0.01727151403771128,-0.03824021941666457,0.00034128066330272553,4.736001335676976e-05
contrast,-0.02931247897216922,-0.013668291268831267,-0.022501005113564662,0.009209173658446854,0.005460606691192912,-0.0009554416960651005
convenience,0.06054442374736829,-0.022247475135869103,0.020077334885948806,0.016856402575477606,-0.0007943555727450709,0.0014679437610111512
convenient,0.02333106864803456,0.06375648166065877,-0.01611288487483345,0.016161398806827144,-0.003635100643346744,-0.000524307623060802
conversational,0.04189490356173899,-0.00391472623303828,0.048435079369765745,-0.024755815757996014,-0.008345086804242065,0.0019702686667818436
cores,0.03723891787453816,-0.01848958757091947,0.07046462815455447,-0.04625457843654111,-0.010985906648065856,0.002638301701024169
cost,-0.0049055690798860225,0.011093315618866298,-0.005749426980963179,0.0009246350830239198,-0.00016242223184636465,-0.00029010581043408765
costly,-0.053171374927423076,-0.03814834145674827,0.01727151403771128,-0.03824021941666457,0.00034128066330272553,4.736001335676976e-05
coverage,-0.02799997945118426,-0.01972384606779735,-0.021183490819409505,0.009775944702891136,0.0058810533112103975,-0.0008677382653081045
cpu,-0.004169592521348931,-0.01914827350951606,-0.0008684407150324724,0.002318935145486768,0.0022019540625566984,2.508087631271916e-05
cpu performance,-0.02051720720858707,-0.02970596966142825,-0.014524706617789686,0.009117642294691381,0.005775879178646713,-0.0005245884401086312
craftsmanship,0.005900716687878353,0.10630900908426331,-0.0718656342038772,0.05382169818396837,0.0021449659150313163,-0.0026110837130881148
crash,-0.013125202500182634,-0.03587901142026418,-0.008680595676456088,0.008482696816209407,0.005410818542755426,-0.00022699397486464296
credibility,0.04189490356173899,-0.00391472623303828,0.048435079369765745,-0.024755815757996014,-0.008345086804242065,0.0019702686667818436
crisp,-0.005067041866632416,-0.012220248046098501,-0.0017733349989816692,0.0013977062466972146,0.0016126671472775822,-4.9973921756980155e-05
cuda,-0.019734686518182675,0.05879741525278789,0.02130087268870854,-0.043010902113896195,-0.010615659007960085,6.38635425445944e-05
customer support,0.008308802811086192,0.012343008758038,0.035432122745500595,-0.03301487895933712,-0.007975842717974732,0.0010800458724829108
customizability,0.0742621216436529,-0.06594227835619333,0.015051297320400307,0.0376133056384742,0.005036832772859593,0.0017264292384171762
customizable,0.016915779523452055,-0.028285674797019936,0.01067860486781016,0.0039469287721658015,0.0012125057380141474,0.0006777638107073106
customization,0.0043512536213435645,-0.012194163774079479,0.004186284541603572,0.0005385513464813631,0.0005728210433283977,0.00024309492421800157
customization option,-0.010404835207763691,-0.0064625410395163325,-0.006192295972555383,0.0018023893798959011,0.0017728698978511364,-0.0002777006122089167
customizeable,-0.053171374927423076,-0.03814834145674827,0.01727151403771128,-0.03824021941666457,0.00034128066330272553,4.736001335676976e-05
cybersecurity,0.03723891787453816,-0.01848958757091947,0.07046462815455447,-0.04625457843654111,-0.010985906648065856,0.002638301701024169
decent,0.006485332198675884,-0.02640448142963578,0.005648601008762238,0.0029752021680047014,0.0018590783630072839,0.0003891307688470274
defective,-0.03086788474911967,-0.013218866302339611,0.01184887322784101,-0.025726248634304952,-0.0011164057505042046,3.315813915477807e-05
dependable,0.03723891787453816,-0.01848958757091947,0.07046462815455447,-0.04625457843654111,-0.010985906648065856,0.002638301701024169
design,-0.014877173035983154,0.0211401872162884,-0.016723695128940643,0.004510073969627088,0.0007293939308991971,-0.0007917071795018108
design flaw,-0.004688989281266105,-0.021502846532535008,0.0346494900018212,-0.03267707956451302,-0.004281941614792029,0.0010760665197488137
designs,-0.053171374927423076,-0.03814834145674827,0.01727151403771128,-0.03824021941666457,0.00034128066330272553,4.736001335676976e-05
desirable,0.009191117982218285,0.0639576791744048,0.008722452986105864,-0.016048585137970285,-0.008505376042944143,2.8206587303230134e-05
desktop,0.030187451864968084,-0.12954278151853965,-0.36025632087203385,-0.3086494902490155,0.0064416123738448025,-0.003056762247742555
detection,0.08445172337248924,-0.03449682113697125,0.018269257286486682,0.0338219656842406,0.001114018974528121,0.0017797876615466954
device ecosystem,0.008308802811086192,0.012343008758038,0.035432122745500595,-0.03301487895933712,-0.007975842717974732,0.0010800458724829108
difficult,-0.013692326300088218,0.029590058598440147,-0.0195095747379781,0.006273890339716836,0.00035211228396514504,-0.000904202519668124
disappointing,-0.019734686518182675,0.05879741525278789,0.02130087268870854,-0.043010902113896195,-0.010615659007960085,6.38635425445944e-05
disjointed,0.03723891787453816,-0.01848958757091947,0.07046462815455447,-0.04625457843654111,-0.010985906648065856,0.002638301701024169
display,-0.03210143778062587,-0.04148115605168058,-0.03116375675693492,0.026208207900754853,-0.12431684844933608,-0.004484289461502443
displays,-0.053171374927423076,-0.03814834145674827,0.01727151403771128,-0.03824021941666457,0.00034128066330272553,4.736001335676976e-05
dissatisfaction,-0.004688989281266105,-0.021502846532535008,0.0346494900018212,-0.03267707956451302,-0.004281941614792029,0.0010760665197488137
downtime,-0.006484395942997426,0.01478617855913618,-0.007989901194078478,0.0015848408850852047,-0.00015404240257855246,-0.00039560705356084903
durability,-0.018050621147568953,0.015957795075696536,-0.017448685977257142,0.004526927778035769,0.0013980567108739478,-0.0008249299158687392
durable,-0.01382916312025204,0.009318559338347583,-0.011921257090771626,0.002596353077620424,0.0011123515977595607,-0.0005738350979952465
dust,0.0029193468740886463,-0.004022877089714719,0.0024826116047822165,-0.0001179199238672089,-5.23851978827322e-06,0.00013117619889333647
earbud,-7.831089169896722e-05,0.03339393175753489,-0.011277980710471829,0.004684758992283864,-0.0014871593894333944,-0.0005120642636549037
easy,0.07505391425033629,0.021404681297858302,-0.1359237089691833,-0.19022464481065865,-0.014746646548432687,0.0001297121465769964
ecological,-0.019734686518182675,0.05879741525278789,0.02130087268870854,-0.043010902113896195,-0.010615659007960085,6.38635425445944e-05
ecosystem,0.05112525526364077,0.04091466941216108,-0.11973515179945063,-0.1403917202626617,-0.01127516493207322,-0.0005530697829271646
ecosystem integration,-0.02704209732025423,0.02988245551581943,-0.03143671622746938,0.010874041984509038,0.0024500540756568078,-0.001423742138993209
effective,-0.014750919663001452,-0.022886611458791856,-0.008951224094742694,0.005373333783042885,0.0040358281662032655,-0.000325070276176368
effectiveness,-0.05317137492742309,-0.03814834145674829,0.017271514037711287,-0.038240219416664584,0.00034128066330272564,4.736001335676978e-05
efficiency,-0.010409400085888596,0.03827894229068468,-0.02153849892285289,0.008366420458512224,-0.00017392783212728674,-0.0009694511411672552
efficient,0.003427110334560943,0.019392708407883784,-0.0029753201476988853,0.0010423132943642173,-0.0015070211977405161,-0.0001487606709166656
effortless,0.017241881603380037,0.07258634450215533,0.006689558625834685,-0.01138534322681265,-0.008977070939470491,2.2845487557548702e-05
elegance,0.03154561583107227,0.09470175722300005,-0.03891808143018017,0.03717765403052858,-0.002589017235049533,-0.0012585185143512397
elegant,0.01198725039633526,0.028348658182510266,-0.001530190522149687,0.0024712755053257047,-0.0026686615414222253,-4.718883373475959e-05
email,0.026399852982019367,-0.013311010091706172,0.01411338292283933,0.002739831354783474,-0.0009705617198871086,0.0008171123750809649
encryption,0.035653777680171306,0.040109393085278784,0.003999137100649415,0.007410590603116004,-0.004760035403357306,0.00034856124783475017
endurance,-0.006682020997543295,-7.059064474835815e-05,-0.004408459332769056,0.0007981102499299063,0.00077757626610142,-0.00021294776041516514
engine,0.1158175914578939,0.010491252533780474,0.01475653821601514,0.04543220260735369,-0.0027936124230688183,0.0018274993401392243
enjoyable,0.03723891787453816,-0.01848958757091947,0.07046462815455447,-0.04625457843654111,-0.010985906648065856,0.002638301701024169
entertainment,-0.004688989281266105,-0.021502846532535008,0.0346494900018212,-0.03267707956451302,-0.004281941614792029,0.0010760665197488137
ergonomic,-0.053171374927423076,-0.03814834145674827,0.01727151403771128,-0.03824021941666457,0.00034128066330272553,4.736001335676976e-05
ergonomics,0.00291934687408864,-0.004022877089714717,0.0024826116047822052,-0.00011791992386720108,-5.238519788271304e-06,0.000131176198893336
erratic,-0.053171374927423076,-0.03814834145674827,0.01727151403771128,-0.03824021941666457,0.00034128066330272553,4.736001335676976e-05
exclusivity,-0.04027151947940792,0.07332489132206473,-0.07764120524160668,0.04115881662280173,0.006364597128726444,-0.0031818274113909703
expandability,-0.02866516776263332,-0.08358635366620473,-0.0035513174139200905,0.004277542020738347,0.00946329955554194,-1.4449817639278047e-05
expandable,-0.02864574990428884,-0.05605112722366919,-0.03471297899611634,0.04095011460627552,-0.315939748082047,-0.009355624119143804
expensive,-0.011613157028074101,0.005285725748807751,-0.00916389016673665,0.0018313433987545487,0.0010491574559326855,-0.00044332686176800517
experience,0.03395621944810888,0.01763622172192874,-0.09591261302055154,-0.1257772489836073,-0.008804957899677904,-0.0003350202940628349
exynos chip,-0.053171374927423076,-0.03814834145674827,0.01727151403771128,-0.03824021941666457,0.00034128066330272553,4.736001335676976e-05
exynos chipset,-0.02051720720858707,-0.02970596966142825,-0.014524706617789686,0.009117642294691381,0.005775879178646713,-0.0005245884401086312
exynos processor,-0.07100452303551312,0.020657548199352505,-0.07978337332284481,0.036968781884343264,0.012184209391373024,-0.0033467337050901392
face id,0.008308802811086192,0.012343008758038,0.035432122745500595,-0.03301487895933712,-0.007975842717974732,0.0010800458724829108
facetime,-0.019734686518182675,0.05879741525278789,0.02130087268870854,-0.043010902113896195,-0.010615659007960085,6.38635425445944e-05
familiar,0.002643206573452583,-0.0018886349315737152,0.0019981438794259483,-0.00019783537152333843,-0.000147767723006678,0.00010200762425771601
fan,-0.00016621404259883516,0.03848691752094921,-0.014065606244485348,0.006415725990600248,-0.0015122988475360878,-0.0006225170039788963
fashionable,-0.019734686518182675,0.05879741525278789,0.02130087268870854,-0.043010902113896195,-0.010615659007960085,6.38635425445944e-05
fast,-0.0006084485339596074,0.00418123759439192,-0.007159565352006895,0.01145858702102703,-0.1615999728246695,-0.004337173643981838
fastest,0.0158741439425295,-0.009210624846858568,0.009774827656665592,0.0006042813507109968,-0.0006969125578468278,0.0005357110888697008
faulty,-0.05317137492742309,-0.03814834145674829,0.017271514037711287,-0.038240219416664584,0.00034128066330272564,4.736001335676978e-05
fingerprint,-0.015589468330502522,-0.0012467459642920796,-0.011038384021347252,0.0028166481414967064,0.0020743910462647417,-0.0005131651775673148
finicky,-0.013307974536581465,-0.040519972326538825,-0.009541690758990974,0.010132645848144092,0.006076034105313449,-0.00022969235686699202
finish,-0.012081043065194232,0.03595546774341946,0.013031916219173852,-0.02631481835150215,-0.006492918294491168,3.907097085050856e-05
firmware,-0.04750454761017692,-0.017883630615700155,-0.04376518405057099,0.02132980861284152,0.009770389756715701,-0.0017860601041955893
fitness,-0.02981107699725706,-0.007639558079058903,0.012489586702537744,-0.026870550863243435,-0.0018330625114240241,3.5275487254754025e-05
flagship device,-0.026263370856455626,0.005677536299301323,0.013535730212623671,-0.028573960068967473,-0.003441903186042232,3.8949469722718786e-05
flagship model,-0.02051720720858707,-0.02970596966142825,-0.014524706617789686,0.009117642294691381,0.005775879178646713,-0.0005245884401086312
flagship phone,-0.004688989281266105,-0.021502846532535008,0.0346494900018212,-0.03267707956451302,-0.004281941614792029,0.0010760665197488137
flashy,0.02014328445639265,-0.046132980066551185,0.010362843022071655,0.00943185637465631,0.003241461739744064,0.0008047096997550274
flawless,-0.053171374927423076,-0.03814834145674827,0.01727151403771128,-0.03824021941666457,0.00034128066330272553,4.736001335676976e-05
flexibility,0.03573998064056938,-0.03873295047789228,0.016092267466920277,0.010689402133311795,0.0015058356292085894,0.0011287484499275394
flexible,-0.0021950773949261215,-0.001929273261607854,-0.0010263765286998706,0.00021213378786038268,0.0003823535670267083,-4.731033486254935e-05
flimsy,-0.03251993938208234,-0.02714443367554369,0.009785190311855997,-0.021881935049094636,0.0007701202735889404,2.654679439678093e-05
foldable,-0.047003698529062464,-0.09800596610673885,-0.07755321441802332,0.07051181679366947,0.02487854698180965,-0.00234351208301301
folding,-0.053171374927423076,-0.03814834145674827,0.01727151403771128,-0.03824021941666457,0.00034128066330272553,4.736001335676976e-05
font,0.01839163540782076,-0.0031357137835964816,0.041977380327102166,-0.031107105225922076,-0.007437203175782413,0.0014819171755648445
fps,-0.07630320943020981,0.037441879808124266,-0.09378713863167233,0.044758904185833975,0.012965233615450602,-0.00391514025410118
fragile,0.00562778931752993,-0.07521775078089465,-0.003985843157162996,0.021471789403615903,0.008975772557276787,0.00035708953047067097
fragility,-0.019734686518182675,0.05879741525278789,0.02130087268870854,-0.043010902113896195,-0.010615659007960085,6.38635425445944e-05
fragmentation,-0.01895453708204204,-0.07756624460736707,-0.02643289133441247,0.030979024131604027,0.01324412759885941,-0.0005983396339422799
fragmented,0.0038201355933996286,-0.010443640735995937,0.003740019027111467,0.00035817467025510603,0.0004621827674646292,0.0002139189567087056
friendliness,0.040256114200411745,-0.003840957323028307,0.017073384457507685,0.005407798570482371,-0.0024229612906329252,0.0010267808652064938
friendly,-0.026207984693258614,0.0056449004528613365,-0.02184341123808748,0.00649641554204772,0.0032702170785919396,-0.0010009429598455122
frustrated,-0.053171374927423076,-0.03814834145674827,0.01727151403771128,-0.03824021941666457,0.00034128066330272553,4.736001335676976e-05
frustrating,-0.025165090481529765,-0.03550809605786094,-0.019865090931325328,0.013034281826031923,0.007372356636228832,-0.0007087121845134858
frustration,-0.05829775313737424,-0.033374528926705005,-0.06176702370532157,0.0363600127794391,0.014758546223623867,-0.0023675480897924813
functional,0.0287960218141652,0.04287573694291156,-0.00013999464350312313,0.0073006018550021414,-0.004343193703779276,0.00012610314591399827
functionality,0.027193780812914948,-0.0488266835453266,0.012537181146816671,0.011576774576778318,0.0031911705279042625,0.000971391312665106
futuristic,-0.02031230696520712,-0.057892093426754776,-0.020374107958579576,0.02045667867768971,0.009946429677490124,-0.0005427463784425734
g chipset,-0.026263370856455626,0.005677536299301323,0.013535730212623671,-0.028573960068967473,-0.003441903186042232,3.8949469722718786e-05
gaming,-0.02024962627660803,-0.012746790018416304,-0.016642785865616967,0.008237907184281395,-0.006856666299721472,0.5910353354852165
garageband,0.05359365298502821,0.04817880688945046,0.006010738138182478,0.013476364136309317,-0.005840279089019007,0.0005889675750578175
gesture,-0.004688989281266105,-0.021502846532535008,0.0346494900018212,-0.03267707956451302,-0.004281941614792029,0.0010760665197488137
gestures,0.03723891787453816,-0.01848958757091947,0.07046462815455447,-0.04625457843654111,-0.010985906648065856,0.002638301701024169
glass,0.008142008323432967,-0.006133822779318983,0.00569270890809909,-9.06440634762894e-05,-0.0003332090584535396,0.00030231812276398793
glitch,-0.020402586508037925,-0.06792341079138653,-0.024013862071265695,0.025947525345593105,0.011724498557665806,-0.0005970831811441411
glitchy,-0.019734686518182675,0.05879741525278789,0.02130087268870854,-0.043010902113896195,-0.010615659007960085,6.38635425445944e-05
google play store,-0.004688989281266105,-0.021502846532535008,0.0346494900018212,-0.03267707956451302,-0.004281941614792029,0.0010760665197488137
gps,-0.019734686518182675,0.05879741525278789,0.02130087268870854,-0.043010902113896195,-0.010615659007960085,6.38635425445944e-05
gpu,-0.0004733014051380136,0.020752106020486022,-0.010133554382691756,0.005963398953432,-0.01409024497498244,0.7265095681159849
gpu performance,-0.004688989281266105,-0.021502846532535008,0.0346494900018212,-0.03267707956451302,-0.004281941614792029,0.0010760665197488137
gpus,0.0287960218141652,0.04287573694291156,-0.00013999464350312313,0.0073006018550021414,-0.004343193703779276,0.00012610314591399827
graphics,0.005853583297215763,0.02278458544980183,-0.0027676671296656312,0.0014828122129248522,-0.0018906157139208194,-0.00013049230045100518
groundbreaking,-0.053171374927423076,-0.03814834145674827,0.01727151403771128,-0.03824021941666457,0.00034128066330272553,4.736001335676976e-05
hacking,-0.019734686518182675,0.05879741525278789,0.02130087268870854,-0.043010902113896195,-0.010615659007960085,6.38635425445944e-05
hardware,0.008988157960520589,0.014068981245040958,0.0019817939714454626,0.0001406562617703759,-0.001814162863891557,9.526128530235983e-05
hardware reliability,-0.026263370856455626,0.005677536299301323,0.013535730212623671,-0.028573960068967473,-0.003441903186042232,3.8949469722718786e-05
hdr,-0.030215765983292286,-0.07392708938715817,-0.0008491054747653185,-0.0010925069455955617,0.007887182366005193,-6.234749615688178e-06
headphone,7.156314738836622e-05,0.02873324469526081,-0.008925342780601045,0.003334366086490205,-0.001425856649577052,-0.0004159533126133134
headset,0.00291934687408864,-0.004022877089714717,0.0024826116047822052,-0.00011791992386720108,-5.238519788271304e-06,0.000131176198893336
healthkit,-0.019734686518182675,0.05879741525278789,0.02130087268870854,-0.043010902113896195,-0.010615659007960085,6.38635425445944e-05
heavy,-0.020355028199339188,-0.02498520784172074,-0.013984619052096161,0.0077591438444982634,0.00516266274775584,-0.0005320195307355885
hefty,-0.019734686518182675,0.05879741525278789,0.02130087268870854,-0.043010902113896195,-0.010615659007960085,6.38635425445944e-05
homekit,0.007548872334252311,-0.03198556935004001,0.005940022225097288,0.0043331262763865504,0.0024201184447036578,0.00044098517605401026
hyperlapse,0.03532091192583236,-0.016712688234336123,0.016772014966176585,0.005544202165184478,-0.0010173686007893712,0.0010252568447985766
icloud,0.0220906035580663,0.05941006516940917,-0.013633045396619824,0.013879317886722082,-0.0036457502046221882,-0.0004435457187327332
iconic,0.015195683747073552,0.04686003450856207,-0.009277741091450091,0.008292124910001317,-0.003177342361952156,-0.00033434070308335236
imaging,0.03723891787453816,-0.01848958757091947,0.07046462815455447,-0.04625457843654111,-0.010985906648065856,0.002638301701024169
imessage,-0.019734686518182675,0.05879741525278789,0.02130087268870854,-0.043010902113896195,-0.010615659007960085,6.38635425445944e-05
immersive,-0.026263370856455626,0.005677536299301323,0.013535730212623671,-0.028573960068967473,-0.003441903186042232,3.8949469722718786e-05
impressive,-0.01196204754628086,-0.045274389546133845,-0.01649184742511236,0.028604817322971845,-0.28601583424393684,-0.007801837542914603
inaccessible,0.009191117982218285,0.0639576791744048,0.008722452986105864,-0.016048585137970285,-0.008505376042944143,2.8206587303230134e-05
inadequate,0.03723891787453816,-0.01848958757091947,0.07046462815455447,-0.04625457843654111,-0.010985906648065856,0.002638301701024169
inbox,0.03723891787453816,-0.01848958757091947,0.07046462815455447,-0.04625457843654111,-0.010985906648065856,0.002638301701024169
inclusivity,0.03532091192583236,-0.016712688234336123,0.016772014966176585,0.005544202165184478,-0.0010173686007893712,0.0010252568447985766
incompatibility,-0.053171374927423076,-0.03814834145674827,0.01727151403771128,-0.03824021941666457,0.00034128066330272553,4.736001335676976e-05
incompatible,-0.019734686518182675,0.05879741525278789,0.02130087268870854,-0.043010902113896195,-0.010615659007960085,6.38635425445944e-05
inconsistent,-0.013383757306917002,-0.0557570908459307,-0.013034315303664038,0.016489713068118927,0.008391412415683502,-0.0002515659135443348
inconvenience,-0.026263370856455626,0.005677536299301323,0.013535730212623671,-0.028573960068967473,-0.003441903186042232,3.8949469722718786e-05
inconvenient,0.024211559883882985,-0.027150660840287315,0.013530492092663143,0.00481383033339954,0.0006205818175805108,0.0008468883634017256
inferior,-0.032299856678947386,-0.04503833834546454,-0.029794252982254493,0.02088133878094144,0.010219008700847772,-0.001038936097920628
innovation,0.011959292509579559,-0.022113847667373877,0.008552901773895146,0.002205168966991228,0.0008967100354084857,0.0005200479775840952
innovations,0.04189490356173899,-0.00391472623303828,0.048435079369765745,-0.024755815757996014,-0.008345086804242065,0.0019702686667818436
innovative,-0.0067460816700768075,-0.05765363822919714,-0.00787386580979681,0.015302616216979693,0.007684340682052563,-6.488723813931073e-06
insecure,0.008308802811086192,0.012343008758038,0.035432122745500595,-0.03301487895933712,-0.007975842717974732,0.0010800458724829108
integration,0.08322477872048292,0.04585241126896709,-0.11226895900075236,-0.14041022638388378,-0.013867411964940693,0.00012309514714883824
intelligent,0.030056471733790883,0.021067306597259562,0.009271013663215772,0.002863423068176323,-0.003747927666295762,0.0005358325899974905
interface,0.004565694894368118,0.0323885485877415,-0.007738998547888786,0.0038629913257090132,-0.0020032019637676603,-0.000344427228840189
interoperability,-0.019734686518182675,0.05879741525278789,0.02130087268870854,-0.043010902113896195,-0.010615659007960085,6.38635425445944e-05
intrusive,-0.053171374927423076,-0.03814834145674827,0.01727151403771128,-0.03824021941666457,0.00034128066330272553,4.736001335676976e-05
intuitive,0.020609718048895984,0.024337705441387202,0.004357913547707138,0.0020351459827042677,-0.0032646029832452913,0.00025549221623505147
invasive,0.03723891787453816,-0.01848958757091947,0.07046462815455447,-0.04625457843654111,-0.010985906648065856,0.002638301701024169
ion battery,-0.004688989281266105,-0.021502846532535008,0.0346494900018212,-0.03267707956451302,-0.004281941614792029,0.0010760665197488137
ipados,0.0287960218141652,0.04287573694291156,-0.00013999464350312313,0.0073006018550021414,-0.004343193703779276,0.00012610314591399827
iphone battery,-0.004688989281266105,-0.021502846532535008,0.0346494900018212,-0.03267707956451302,-0.004281941614792029,0.0010760665197488137
itunes,0.02940949153183951,0.029385368781755215,0.006156427601030668,0.003996460512486027,-0.004066657184264939,0.00039144562772630516
keyboard,-0.026263370856455626,0.005677536299301323,0.013535730212623671,-0.028573960068967473,-0.003441903186042232,3.8949469722718786e-05
lackluster,-0.027178044778865026,-0.0381157216567078,-0.022441087543233457,0.015009386090580168,0.008123953653629076,-0.0007956859910243728
lag,-0.0040418192750349205,-0.005464664245212876,-0.001744215146417015,0.000615219207090267,0.0008839807153106169,-7.255966188291194e-05
laggy,-0.003920572517496437,-0.019519575461366796,-0.0006936453286222437,0.0023509175075016723,0.0022115727356052436,3.533376208929789e-05
laptop,0.00681899592565859,-0.02819212634442218,0.005761922128838732,0.0033866202829666635,0.002034924886037507,0.000406240108815677
latency,-0.0332317976761759,-0.00020926241083928478,-0.027762446610323198,0.009722803974841895,0.004958608266831703,-0.0012315501486387913
launcher,0.011787619008660486,-0.09497536202481405,-0.007014635193248506,0.03158327228455624,0.01175542460110298,0.0004511881137770196
layout,-0.019734686518182675,0.05879741525278789,0.02130087268870854,-0.043010902113896195,-0.010615659007960085,6.38635425445944e-05
lcd,-0.008966156860220875,-0.01640862336333637,-0.004368252894634875,0.0026856329094614804,0.0025208184836358516,-0.00015262602177995878
led,-0.053171374927423076,-0.03814834145674827,0.01727151403771128,-0.03824021941666457,0.00034128066330272553,4.736001335676976e-05
lens,0.004729479314866593,-0.031393667863013855,0.004397099072037629,0.004235882423312922,0.002620589264608863,0.0003571266237913858
lense,-0.032299856678947386,-0.04503833834546453,-0.029794252982254497,0.020881338780941436,0.01021900870084777,-0.0010389360979206283
lifespan,-0.012757659538960743,0.033791530041446166,-0.02090699983338653,0.0073481801585049775,0.00017024657629896573,-0.0009561721393897212
light,0.010782227223384629,-0.02331438773165471,0.007969595748049002,0.0023835541634362866,0.0011260026446050658,0.0004946013960584097
lighting,-0.035399700200194346,0.043351040722968415,-0.047559245274390906,0.01976253170343564,0.003962521819169424,-0.002074962243670797
lightning,0.014014099731943215,0.05205792527665813,-0.013279583990098131,0.010619120406224042,-0.0029944421520144747,-0.0004947658705642913
lightning charger,0.008308802811086192,0.012343008758038,0.035432122745500595,-0.03301487895933712,-0.007975842717974732,0.0010800458724829108
lightweight,0.056201468259907884,-0.024444474522206855,0.019809877123842454,0.015217570177100856,-0.0005480342876656863,0.0014175105605767925
lock,0.037282010407658724,0.018242036236777743,0.0123945340580374,0.004187594160708469,-0.003962179273256834,0.0007333341914069065
longevity,-0.011825266034038792,0.002085502891404075,-0.008638705846384119,0.0018148950348909417,0.0012948545376474758,-0.0004133481247102721
lte,-0.02051720720858707,-0.02970596966142825,-0.014524706617789686,0.009117642294691381,0.005775879178646713,-0.0005245884401086312
luxurious,-0.05115761346519832,0.06846561360754498,-0.08484915576268943,0.04339979544242081,0.00815126362386569,-0.003504039063877584
luxury,-0.03955068919335217,0.06079620264022637,-0.02557886832474505,-0.007593246761687351,-0.0021395983159114675,-0.0015739925695157392
magnetic,-0.019734686518182675,0.05879741525278789,0.02130087268870854,-0.043010902113896195,-0.010615659007960085,6.38635425445944e-05
magsafe,0.007021950259917883,0.11240580244219733,-0.07870674141803495,0.06002102102018169,0.0027913587444846496,-0.0028310340816708503
magsafe charging,0.008308802811086192,0.012343008758038,0.035432122745500595,-0.03301487895933712,-0.007975842717974732,0.0010800458724829108
malfunction,-0.0061548601528303645,-0.09055011946493098,-0.019255389521627822,0.033235485889865996,0.013418902079477851,-0.00015725812734132565
malfunctioning,-0.053171374927423076,-0.03814834145674827,0.01727151403771128,-0.03824021941666457,0.00034128066330272553,4.736001335676976e-05
maps,0.26213674837431666,-0.1281376965737163,-0.05963062188159943,0.2242495771298571,0.027802047485759734,0.002215158451826957
material,-0.014767590271219598,0.023185558578711168,-0.017471036775230528,0.004914328747632033,0.0006501600570936973,-0.000823303348661279
materials,-0.02132816858187623,0.018549267210609142,0.013837099703954778,-0.028710363663669577,-0.004847495875885787,4.04734901306361e-05
megapixel,-0.0035988624042302027,-0.057135240605346714,-0.005285933456721796,0.014326555659391014,0.007168450067919178,0.0001062527958824252
memorable,-0.053171374927423076,-0.03814834145674827,0.01727151403771128,-0.03824021941666457,0.00034128066330272553,4.736001335676976e-05
memory,-0.01078234045086092,-0.003520915350147332,-0.006868891450159659,0.0017026700825600737,0.0015781311933110525,-0.0003181253164235745
messaging,-0.019734686518182675,0.05879741525278789,0.02130087268870854,-0.043010902113896195,-0.010615659007960085,6.38635425445944e-05
metal,0.021636626601921425,-0.02966824564459238,0.012506368550054424,0.004933641347470697,0.0010626173978756492,0.0007980485547759695
microled,-0.004688989281266105,-0.021502846532535008,0.0346494900018212,-0.03267707956451302,-0.004281941614792029,0.0010760665197488137
microsd,-0.018100909582776638,-0.04198401505580946,-0.014102377826513643,0.012362676707733583,0.00705236967021036,-0.00041598937101613493
minimalism,0.02790100470157394,0.015398778493215363,0.010127209894712082,0.001953821382607916,-0.003316249999486965,0.0005644770943647858
minimalist,0.050115717598522284,0.05440867524185196,0.0018968348060246537,0.014484616311279164,-0.005770811364882649,0.0003909601058261605
minimalistic,0.05734083687624381,-0.004160325677979842,0.019544429031929513,0.012178427569043568,-0.0026881984617878507,0.0013150438075009412
mirroring,-0.053171374927423076,-0.03814834145674827,0.01727151403771128,-0.03824021941666457,0.00034128066330272553,4.736001335676976e-05
mobility,-0.004688989281266105,-0.021502846532535008,0.0346494900018212,-0.03267707956451302,-0.004281941614792029,0.0010760665197488137
modem,-0.019734686518182675,0.05879741525278789,0.02130087268870854,-0.043010902113896195,-0.010615659007960085,6.38635425445944e-05
modern,-0.013438787814705887,-0.05784840891945997,-0.0136803219037756,0.01750332753944682,0.008740356545039896,-0.00026002879924524945
modular,-0.03165277570982138,-0.025014322774250478,0.014490754484823641,-0.02648779657228785,-0.0003447281497018265,0.00016438864441050812
monitor,-0.053171374927423076,-0.03814834145674827,0.01727151403771128,-0.03824021941666457,0.00034128066330272553,4.736001335676976e-05
multimedia,-0.053171374927423076,-0.03814834145674827,0.01727151403771128,-0.03824021941666457,0.00034128066330272553,4.736001335676976e-05
multitasking,0.004227777747735028,0.007666030520125837,0.0010149770604070667,-0.00021805041957024025,-0.0009828257495108114,4.161443068860141e-05
music,-0.004871838091488761,0.10770797845427156,-0.08313200114308292,0.05893524099967298,0.004022945201906266,-0.0030848669942783896
navigation,0.08604169093590046,0.00021261632364480732,0.01913382798474166,0.027122804046091603,-0.0028017445443256736,0.0016387438536121473
network,-0.0027598320198284746,-0.016470657425790916,1.849668140099508e-05,0.001679669237471258,0.0017570593286156315,5.444076837667705e-05
networking,-0.012081043065194232,0.03595546774341946,0.013031916219173852,-0.02631481835150215,-0.006492918294491168,3.907097085050856e-05
nfc,-0.053171374927423076,-0.03814834145674827,0.01727151403771128,-0.03824021941666457,0.00034128066330272553,4.736001335676976e-05
nlp,0.03723891787453816,-0.01848958757091947,0.07046462815455447,-0.04625457843654111,-0.010985906648065856,0.002638301701024169
noise,-0.019734686518182675,0.05879741525278789,0.02130087268870854,-0.043010902113896195,-0.010615659007960085,6.38635425445944e-05
notch,0.000815777079591705,0.06714133615102229,-0.03396806945941581,0.02112336718745057,-0.0008393065656218499,-0.001349568758115773
notebook,-0.053171374927423076,-0.03814834145674827,0.01727151403771128,-0.03824021941666457,0.00034128066330272553,4.736001335676976e-05
notification,0.012622165128213054,0.01853135561123986,0.002513400160496036,0.0007010084020801146,-0.002363459440407761,0.00013242644390565182
npu,-0.004688989281266105,-0.021502846532535008,0.0346494900018212,-0.03267707956451302,-0.004281941614792029,0.0010760665197488137
offline,-0.05317137492742309,-0.03814834145674829,0.017271514037711287,-0.038240219416664584,0.00034128066330272564,4.736001335676978e-05
oled,0.0032027910674459555,-0.015592450865872645,0.0037196145290017057,0.0010406893427898562,0.0010188353236497809,0.00023323875326976796
operating system,0.006446579219968189,-0.02619449341971278,0.005634028899207861,0.0029283593024662146,0.0018386657135565124,0.0003870894352296743
optical,-0.05374931894342675,-0.05845149322584393,-0.06449673187608816,0.04633780244018429,0.018042975298022273,-0.00225625838025331
optimization software,0.03532091192583236,-0.016712688234336123,0.016772014966176585,0.005544202165184478,-0.0010173686007893712,0.0010252568447985766
optimized,0.018673452543071376,0.08454622387112039,-0.03729170110118398,0.030627612965312658,-0.0019220966907515867,-0.0013172685719852982
os,0.035496012757688114,-0.037405941884643946,0.016154505694089983,0.01024105706290006,0.0013475872655097797,0.0011203998434541522
outdated,-0.05047865140292994,0.004199362944105902,-0.048444034450041286,0.02010960420306763,0.008231171774091795,-0.0020795067779951766
outperforms,0.024185343424598063,-0.012021041347158343,0.04578747606878991,-0.030061236701794745,-0.007137975929137911,0.001714233929317716
outstanding,0.029935250215440575,0.07962973004864538,-0.025324363308136616,0.02576061884554331,-0.00354634532751067,-0.0007978524548537003
overcharging,-0.053171374927423076,-0.03814834145674827,0.01727151403771128,-0.03824021941666457,0.00034128066330272553,4.736001335676976e-05
overheating,-0.058822807854584165,-0.0897433684611126,-0.09246016072912769,0.07734567216446599,0.02669145492287861,-0.0029743474137473216
overpriced,-0.019734686518182675,0.05879741525278789,0.02130087268870854,-0.043010902113896195,-0.010615659007960085,6.38635425445944e-05
packaging,-0.026263370856455626,0.005677536299301323,0.013535730212623671,-0.028573960068967473,-0.003441903186042232,3.8949469722718786e-05
panel,-0.09019644669040651,-0.018351341947718317,-0.11084978153007828,0.06497162216233604,0.02211932708421716,-0.00429139228887065
patchy,-0.026263370856455626,0.005677536299301323,0.013535730212623671,-0.028573960068967473,-0.003441903186042232,3.8949469722718786e-05
payment,-0.005925930951871241,0.04519260606601383,0.012016561264801757,-0.02379248081983079,-0.0072422985404924515,3.664723339485957e-05
pen,-0.046258319085018665,-0.056679156925946696,-0.0522707226091136,0.03790361406659614,0.015606427842450893,-0.001812350489774957
pencil,0.03237537107284144,0.10084525150955816,-0.04495428777899386,0.04241470284297127,-0.00210318281306669,-0.001458690146835006
performance,-1.602011565696219e-05,-0.006497999878562479,-0.0019598736499177438,0.005409411153344673,-0.066266316175541,0.14368662869372853
performance capability,-0.026263370856455626,0.005677536299301323,0.013535730212623671,-0.028573960068967473,-0.003441903186042232,3.8949469722718786e-05
performance tensor chip,0.008308802811086192,0.012343008758038,0.035432122745500595,-0.03301487895933712,-0.007975842717974732,0.0010800458724829108
performant,0.05928072013566107,0.06742956930264289,-0.0025957266985779555,0.02133347990270568,-0.0062418999256640215,0.0003036044959853615
periscope,-0.05690752025604086,-0.023185157788258748,-0.013737316385762905,-0.012422060104917265,0.0045596330222384485,-0.0009919526797061672
personalization,-0.03165277570982138,-0.025014322774250478,0.014490754484823641,-0.02648779657228785,-0.0003447281497018265,0.00016438864441050812
personalized,0.018478470953744962,-0.014298824748592658,0.04432346953622859,-0.031230543570750422,-0.006669476523357855,0.0016119625051802195
phone,0.03664532627338118,-0.06345602281920108,0.0019579896834391185,0.041403900104776924,-0.331738384696942,-0.007679326471857031
photo,0.0629680895637528,0.10183251478584113,-0.02780988228649097,0.04164207923475828,-0.00515906097266187,-0.0005767068064378348
photography,0.007136982613982114,-0.00572968734383981,0.005103832386777689,-0.0001240697112912429,-0.0002753415261322556,0.0002702445260019831
photos,0.1657985055644548,-0.045890161902027604,-0.004354921901288986,0.10201846914459786,0.007443195044232062,0.002193673649173134
picture,-0.09165712809912185,-0.013928367775786203,-0.06488712774532283,0.017820888443580356,0.012910111221773607,-0.0029813263362596493
pixels,0.03474408099597957,-0.03145741658634735,0.016401448482478913,0.008446136084018094,0.00064766313691495,0.0010863101824445257
plastic,-0.04335565412899613,-0.04015485006981773,-0.04233044869710021,0.026428413175104172,0.011956730842150638,-0.0015723306951328107
plasticky,-0.053171374927423076,-0.03814834145674827,0.01727151403771128,-0.03824021941666457,0.00034128066330272553,4.736001335676976e-05
platform,0.031299786515351,-0.005105219773837762,0.014967314790342913,0.0029373622178095506,-0.0019748069374883356,0.0008595045771414979
playback,-0.0013976793009685346,-0.016250979103448224,0.0009045155260020014,0.0014899109184527998,0.0015786652936140785,9.637611566220487e-05
playful,0.03532091192583236,-0.016712688234336123,0.016772014966176585,0.005544202165184478,-0.0010173686007893712,0.0010252568447985766
playfulness,0.03723891787453816,-0.01848958757091947,0.07046462815455447,-0.04625457843654111,-0.010985906648065856,0.002638301701024169
pleasing,0.048981118032371956,0.10201807544083612,-0.002260874304169393,0.00881037965449692,-0.010161444047446067,-1.1994373449983506e-06
polished,0.004178244054838161,0.012314881207052068,-0.00024649016956210105,0.00010786164064632915,-0.001248743871803975,-2.107759952618168e-05
poor,-0.04955759024233059,-0.04103570731179748,-0.06189997308527567,0.06067407971677501,-0.516584844954549,-0.015639613601370762
popular,0.06942856308753426,-0.03249108217421214,-0.1964650589063673,-0.2852496868606668,-0.014988277091105118,5.388717713026166e-05
port,0.012622165128213054,0.01853135561123986,0.002513400160496036,0.0007010084020801146,-0.002363459440407761,0.00013242644390565182
portability,-0.02704209732025423,0.02988245551581943,-0.03143671622746938,0.010874041984509038,0.0024500540756568078,-0.001423742138993209
portable,-0.02051720720858707,-0.02970596966142825,-0.014524706617789686,0.009117642294691381,0.005775879178646713,-0.0005245884401086312
portrait,0.017369370430965335,0.022263088179586,0.0035958167619766362,0.0014534326447498834,-0.0029268978795936275,0.00020365267613350847
power,-0.010378878363959647,-0.0002933672978389843,-0.007082887496673921,0.0015082410667052453,0.001272354077813527,-0.0003367011997397596
powerful,-0.03048825918729241,-0.017559476544067594,-0.023714831009270566,0.010531622232427944,0.006101516740935196,-0.0009849724491857543
powersave,-0.05317137492742309,-0.03814834145674829,0.017271514037711287,-0.038240219416664584,0.00034128066330272564,4.736001335676978e-05
powersaving,-0.053171374927423076,-0.03814834145674827,0.01727151403771128,-0.03824021941666457,0.00034128066330272553,4.736001335676976e-05
powershare,-0.053171374927423076,-0.03814834145674827,0.01727151403771128,-0.03824021941666457,0.00034128066330272553,4.736001335676976e-05
ppi,-0.026263370856455626,0.005677536299301323,0.013535730212623671,-0.028573960068967473,-0.003441903186042232,3.8949469722718786e-05
practicality,-0.019734686518182675,0.05879741525278789,0.02130087268870854,-0.043010902113896195,-0.010615659007960085,6.38635425445944e-05
precise,-0.053171374927423076,-0.03814834145674827,0.01727151403771128,-0.03824021941666457,0.00034128066330272553,4.736001335676976e-05
precision,-0.03251993938208234,-0.02714443367554369,0.009785190311855997,-0.021881935049094636,0.0007701202735889404,2.654679439678093e-05
predictable,-0.019734686518182675,0.05879741525278789,0.02130087268870854,-0.043010902113896195,-0.010615659007960085,6.38635425445944e-05
premium,-0.00968656383711506,0.05774185773993806,-0.03440630258715111,0.01774201389059215,0.000160396273454226,-0.0014434500571521972
prestige,-0.019734686518182675,0.05879741525278789,0.02130087268870854,-0.043010902113896195,-0.010615659007960085,6.38635425445944e-05
price,-0.017470510395505588,-0.019202847183074724,-0.011205492995078406,0.005437600226542506,0.004036552393975991,-0.0004452078705121753
price point,-0.019382497017455327,0.014791985501546668,-0.018199840203736935,0.0047818608401336655,0.0016538763170757898,-0.0008574384679757213
price range,0.008308802811086192,0.012343008758038,0.035432122745500595,-0.03301487895933712,-0.007975842717974732,0.0010800458724829108
price tag,0.00291934687408864,-0.004022877089714717,0.0024826116047822052,-0.00011791992386720108,-5.238519788271304e-06,0.000131176198893336
pricey,-0.004040325327810818,0.014258488328212224,-0.006103322084665222,0.0011282501086812772,-0.0004303458448046719,-0.00030668190872367985
pricier,-0.00939097454884895,0.001061612181308774,-0.006589287363075202,0.0012875229802673555,0.001041439553045527,-0.00031709063404702
pricing,-0.01901514279607569,0.010096453562602123,-0.016447761453548235,0.004149447654858795,0.0018349762016902265,-0.0007760849883671722
pricy,-0.017094123530803997,0.02213046162991909,-0.018963912327600366,0.005349346514387803,0.0010247790559396593,-0.0008906764096512623
privacy,0.11209838514047235,-0.04401085089134976,0.012284352826068025,0.05640002770267025,0.003554338280963391,0.0020008796122723254
private,-0.021652641383256684,0.046248341363572164,0.0015127949132490086,-0.022022917050960888,-0.005520550122529655,-0.00047487246540363435
processing,0.007288621120549211,0.006286643012563683,0.003083173729836102,-0.00035966611308504694,-0.0011950300811516348,0.000148176043897239
processing power,-0.026263370856455626,0.005677536299301323,0.013535730212623671,-0.028573960068967473,-0.003441903186042232,3.8949469722718786e-05
processing speed,-0.026263370856455626,0.005677536299301323,0.013535730212623671,-0.028573960068967473,-0.003441903186042232,3.8949469722718786e-05
processor,-0.019744068266997237,-0.0051664030029031655,-0.01540771752245692,0.0057538860414542365,-0.0027265753426680217,0.3171621860290116
processor speed,-0.051779543859055414,0.019737834588926983,-0.053998478643817564,0.021915537196180883,0.00758485763591642,-0.00234262468678157
processors,0.016584376657931714,0.03822884026728758,-0.003687510842905967,0.005165463049296849,-0.0032866960165565426,-0.0001061610763071881
productivity,0.06734174904966626,-0.009374783244317989,0.02019948543345702,0.017895229459444904,-0.0021476937385196252,0.0014874994238079317
professional,0.004084106984053274,-0.0040100997399447995,0.003163725334642993,-0.00017064667179391216,-0.0001242718337265791,0.00016572393232720892
proprietary,0.010823543192198328,0.08139003040784591,-0.03979831755840364,0.02951170340706297,-0.0011817179388844451,-0.001472319288549311
protection,0.006474853112933377,0.019414960262893313,-0.001161362876142763,0.0008750764702477561,-0.0018232906731805523,-5.7368486208891105e-05
qhd,-0.053171374927423076,-0.03814834145674827,0.01727151403771128,-0.03824021941666457,0.00034128066330272553,4.736001335676976e-05
qled,-0.045435848422083785,-0.07743881649415199,-0.06160704890997902,0.05159407311636,0.019638104608456566,-0.00196523210502861
qualcomm chip,-0.026263370856455626,0.005677536299301323,0.013535730212623671,-0.028573960068967473,-0.003441903186042232,3.8949469722718786e-05
qualcomm snapdragon,-0.026263370856455626,0.005677536299301323,0.013535730212623671,-0.028573960068967473,-0.003441903186042232,3.8949469722718786e-05
quality,-0.00951757074412358,-0.00038027886405673275,-0.006419954282754442,0.0013301213554099153,0.0011645936620408833,-0.00030595142712616755
quality display,-0.026263370856455626,0.005677536299301323,0.013535730212623671,-0.028573960068967473,-0.003441903186042232,3.8949469722718786e-05
quality product,-0.026263370856455626,0.005677536299301323,0.013535730212623671,-0.028573960068967473,-0.003441903186042232,3.8949469722718786e-05
quick,0.019363883889843166,-0.008077239471745214,0.011143937794867368,0.000900104091071387,-0.0010450826834999794,0.0006135832431648332
quickcharge,0.00291934687408864,-0.004022877089714717,0.0024826116047822052,-0.00011791992386720108,-5.238519788271304e-06,0.000131176198893336
radio,-0.053171374927423076,-0.03814834145674827,0.01727151403771128,-0.03824021941666457,0.00034128066330272553,4.736001335676976e-05
ram,-0.005670961009138908,-0.005641337544921084,-0.0028428713222477275,0.0008641636899901228,0.0010953886510866044,-0.0001243231725931044
ram capability,-0.026263370856455626,0.005677536299301323,0.013535730212623671,-0.028573960068967473,-0.003441903186042232,3.8949469722718786e-05
ram capacity,-0.026263370856455626,0.005677536299301323,0.013535730212623671,-0.028573960068967473,-0.003441903186042232,3.8949469722718786e-05
ram option,-0.026263370856455626,0.005677536299301323,0.013535730212623671,-0.028573960068967473,-0.003441903186042232,3.8949469722718786e-05
readable,0.03723891787453816,-0.01848958757091947,0.07046462815455447,-0.04625457843654111,-0.010985906648065856,0.002638301701024169
realism,-0.019734686518182675,0.05879741525278789,0.02130087268870854,-0.043010902113896195,-0.010615659007960085,6.38635425445944e-05
recharging,0.0022572733752854483,0.08184714756199886,-0.046860815736592315,0.031826400435123504,2.3198543656270125e-05,-0.0017897614110348216
recommendations,-7.831089169896722e-05,0.03339393175753489,-0.011277980710471829,0.004684758992283864,-0.0014871593894333944,-0.0005120642636549037
recording,-0.04620790485043218,-0.006181584458653509,-0.04198783370525151,0.018007461440402803,0.00817599754059367,-0.0017803810881557203
recyclability,-0.019734686518182675,0.05879741525278789,0.02130087268870854,-0.043010902113896195,-0.010615659007960085,6.38635425445944e-05
recycling,-0.019734686518182675,0.05879741525278789,0.02130087268870854,-0.043010902113896195,-0.010615659007960085,6.38635425445944e-05
refined,-0.026263370856455626,0.005677536299301323,0.013535730212623671,-0.028573960068967473,-0.003441903186042232,3.8949469722718786e-05
refrigerator,-0.053171374927423076,-0.03814834145674827,0.01727151403771128,-0.03824021941666457,0.00034128066330272553,4.736001335676976e-05
reliability,-0.0068960973434858954,-0.007151718160678842,-0.007845839974690358,0.009850045349688625,-0.12767791175489787,-0.00355277983895952
reliability concern,-0.004688989281266105,-0.021502846532535008,0.0346494900018212,-0.03267707956451302,-0.004281941614792029,0.0010760665197488137
reliability issue,-0.026263370856455626,0.005677536299301323,0.013535730212623671,-0.028573960068967473,-0.003441903186042232,3.8949469722718786e-05
reliability rating,0.04189490356173899,-0.00391472623303828,0.048435079369765745,-0.024755815757996014,-0.008345086804242065,0.0019702686667818436
reliable,0.007623626215410209,0.007909856715635832,0.002887499271562243,-0.00029946527147140087,-0.0013308145036427963,0.00013789703275351458
reminder,0.03723891787453816,-0.01848958757091947,0.07046462815455447,-0.04625457843654111,-0.010985906648065856,0.002638301701024169
rendering,0.016774334393988056,0.032583939558083364,-0.0008621551522793006,0.0035582852428923807,-0.003207795620162306,9.64266523536361e-06
repair,-0.0034662227653562243,0.014625495588378673,-0.02403417924719771,0.033799560549965434,-0.43062624531109217,-0.011758831154342994
repairability,-0.03472642637169707,-0.015082351454607791,-0.02827088617682075,0.012294163650327376,0.0066546560125923075,-0.0011853518617705335
repairable,-0.017132603154666654,-0.007174974471073878,-0.011521125187303811,0.003611189733655372,0.0027941692992664137,-0.0005148493516771243
replaceable,-0.03278158013477444,-0.04743482721633065,0.00576718515111966,-0.014129484485709243,0.0037317854016652163,1.4026066711807886e-05
reputable,0.014858461635909674,-0.06447877436585571,0.0044435471430749555,0.015999968793516985,0.006302967080269526,0.000662938879596196
resistance rating,-0.026263370856455626,0.005677536299301323,0.013535730212623671,-0.028573960068967473,-0.003441903186042232,3.8949469722718786e-05
resolution,-0.021519158046335553,-0.04410867171151463,-0.017849333095107306,0.01465104866017365,0.007959691984928687,-0.0005575937301483146
responsive,0.008712129659501518,0.02184641472369441,-0.0007574511241627474,0.0012050914734722598,-0.002141715032674686,-3.053776355484512e-05
responsiveness,0.014248226013344674,0.03554497341505388,-0.0035993947443840784,0.00434391418283977,-0.003035139946633774,-0.00011839990520911108
retina,-0.026489090036556997,0.058762106112834146,-0.05024794169384992,0.024227734018439966,0.0028874615694519283,-0.002125271753141188
retro,-0.053171374927423076,-0.03814834145674827,0.01727151403771128,-0.03824021941666457,0.00034128066330272553,4.736001335676976e-05
revolutionary,-0.019734686518182675,0.05879741525278789,0.02130087268870854,-0.043010902113896195,-0.010615659007960085,6.38635425445944e-05
robust,-0.011110348286046645,0.028350430626704563,-0.016852895122553974,0.005265935747862494,8.43283367432467e-06,-0.0007870739113049954
robustness,0.00291934687408864,-0.004022877089714717,0.0024826116047822052,-0.00011791992386720108,-5.238519788271304e-06,0.000131176198893336
rom,-0.00168516701857539,-0.022919279691355647,0.0007957546199995507,0.0027297915107953215,0.002320258915749754,0.00012538486832539578
rooting,-0.053171374927423076,-0.03814834145674827,0.01727151403771128,-0.03824021941666457,0.00034128066330272553,4.736001335676976e-05
rugged,-0.041044248359438235,-0.03682979260011576,-0.03845412363892652,0.02318721090277405,0.01088365823661474,-0.0014472212173330928
ruggedness,-7.831089169896722e-05,0.03339393175753489,-0.011277980710471829,0.004684758992283864,-0.0014871593894333944,-0.0005120642636549037
safe,0.0287960218141652,0.04287573694291156,-0.00013999464350312313,0.0073006018550021414,-0.004343193703779276,0.00012610314591399827
satellite,0.03723891787453816,-0.01848958757091947,0.07046462815455447,-0.04625457843654111,-0.010985906648065856,0.002638301701024169
satisfying,-0.026263370856455626,0.005677536299301323,0.013535730212623671,-0.028573960068967473,-0.003441903186042232,3.8949469722718786e-05
saturation,0.0010609175095764242,0.07014792486326873,-0.036462349375105355,0.023144775982825064,-0.0006903110131647864,-0.0014360198644226027
saving mode,-0.026263370856455626,0.005677536299301323,0.013535730212623671,-0.028573960068967473,-0.003441903186042232,3.8949469722718786e-05
scalable,0.03723891787453816,-0.01848958757091947,0.07046462815455447,-0.04625457843654111,-0.010985906648065856,0.002638301701024169
scanning,-0.006877602861884136,-0.02863415736951439,-0.0030408786781297424,0.004848668606229333,0.0036167741311959223,-2.1787375872579003e-05
screen,-0.03213596294848193,-0.051237011669789674,-0.031435292351720205,0.0237898834457569,0.011204607935714149,-0.0010518745686739846
seamless,0.05222915289963805,0.06462134675791788,-0.046384834275670965,-0.03089644098478733,-0.007667311076966201,-0.00021236610700658303
search,0.16661810217063297,-0.05444399683250203,-0.006000746928148792,0.10573744240916713,0.008691813687469746,0.0022014486212939815
secure,0.017687110565931054,0.040776948832945276,-0.004433622863885096,0.006003773676004705,-0.003410930666130667,-0.00012798894741916425
security,0.01262846062233961,0.029282559780182106,-0.001582520206691523,0.0026865903396848315,-0.0027537813840322702,-4.571672268171208e-05
security patch,-0.02051720720858707,-0.02970596966142825,-0.014524706617789686,0.009117642294691381,0.005775879178646713,-0.0005245884401086312
selfie,-0.019734686518182675,0.05879741525278789,0.02130087268870854,-0.043010902113896195,-0.010615659007960085,6.38635425445944e-05
semiconductor,-0.053171374927423076,-0.03814834145674827,0.01727151403771128,-0.03824021941666457,0.00034128066330272553,4.736001335676976e-05
sensor,-0.03043689769228687,-0.03578323636818935,-0.025546463886243164,0.01588811514582508,0.008427403456456999,-0.0009403551133656822
server,-0.019734686518182675,0.05879741525278789,0.02130087268870854,-0.043010902113896195,-0.010615659007960085,6.38635425445944e-05
setup,-0.013611551046665529,-0.0026024626145648455,-0.00921667218665565,0.0023341911749856065,0.0018956639920811034,-0.00042753702925221976
shape,0.026807573097587162,-0.00201323894044385,0.013196601867169698,0.0016869552256779316,-0.002019026753872491,0.0007345809876504675
sharp,0.01901890177600726,-0.08047540539481507,0.002101512709479249,0.023634423541982127,0.00852443921320447,0.0007320175301253897
signal,-0.021652641383256684,0.046248341363572164,0.0015127949132490086,-0.022022917050960888,-0.005520550122529655,-0.00047487246540363435
simple,0.05405819638070634,-0.014016724068146394,0.019711495214664067,0.012154968156068499,-0.0016824118993731107,0.0013317942674222183
simplicity,0.06769019860483519,-0.00024835793182089317,0.019769800960960947,0.01674707010984771,-0.003053410929525198,0.0014302147068281476
simpllicity,0.03723891787453816,-0.01848958757091947,0.07046462815455447,-0.04625457843654111,-0.010985906648065856,0.002638301701024169
siri,2.6257673110295125e-05,0.0531771070728316,-0.02338051810138681,0.012909428031789986,-0.0013387974540104437,-0.0009730098748108193
size,-0.018045202019527973,-0.023878356057572183,-0.011832313067842555,0.006652184702655401,0.004657230409230765,-0.00044573480441586165
sleek,-0.03791025907649549,0.04832738559469647,-0.053602956058764424,0.023442012484833196,0.004543499974523986,-0.0023108994575491183
sleeker,-0.011563203919212983,0.010644534564599548,-0.01050877817120357,0.0021562361431919593,0.0007229758650923145,-0.0005110398605133776
sleekness,-0.026263370856455626,0.005677536299301323,0.013535730212623671,-0.028573960068967473,-0.003441903186042232,3.8949469722718786e-05
slim,-0.053171374927423076,-0.03814834145674827,0.01727151403771128,-0.03824021941666457,0.00034128066330272553,4.736001335676976e-05
slot,-0.008233848907306641,-0.057566641238526076,-0.009065659428615416,0.015668696191403146,0.007886183110648183,-6.063828211168526e-05
slow,-0.009253488296792331,-0.0069434104878735485,-0.0052700347187403145,0.001598896119395068,0.00166156443801283,-0.00023357611548702995
slowdown,-0.004341952993101192,-0.008240300357411409,-0.0016230886735124597,0.0008698189448613373,0.0011593333838569148,-5.784898726570878e-05
sluggish,-0.02051720720858708,-0.02970596966142825,-0.014524706617789693,0.009117642294691383,0.005775879178646715,-0.0005245884401086314
small,0.0060959502209114716,0.0008543785263805176,0.003528212940966174,-0.00039171135827350477,-0.0007015382425951626,0.00017550843834436474
smartphone,-0.00816943452239877,-0.02445526442252096,-0.003788735104071324,0.0040908562904433425,0.003292223925306613,-8.239714566945602e-05
smartphones,0.056201468259907884,-0.024444474522206855,0.019809877123842454,0.015217570177100856,-0.0005480342876656863,0.0014175105605767925
smartwatch,-0.026263370856455626,0.005677536299301323,0.013535730212623671,-0.028573960068967473,-0.003441903186042232,3.8949469722718786e-05
smooth,-0.001194070503299151,-0.004918280462779673,6.427078216651662e-05,0.0002451203901308238,0.0005098829890666105,1.335372984619004e-05
smoother,-0.029834804343916,-0.017452402885665446,-0.023027197022456498,0.010180232792383304,0.005965965467815473,-0.0009571394662991221
snapdragon,-0.021440776741026676,-0.027829559621353608,-0.020102279302076576,0.020257274834189057,-0.18458524533190232,-0.005530514508927741
snapdragon processor,-0.026263370856455626,0.005677536299301323,0.013535730212623671,-0.028573960068967473,-0.003441903186042232,3.8949469722718786e-05
snappiness,-0.004688989281266105,-0.021502846532535008,0.0346494900018212,-0.03267707956451302,-0.004281941614792029,0.0010760665197488137
snappy,0.08630881013604338,-0.038896889086791724,0.01762071049461281,0.03630816655166698,0.0017329191643398643,0.0018075821067784475
soc,-0.03661640173009633,-0.022740257601193668,-0.030766028040809083,0.015229256535877901,0.007940318146212004,-0.0012412892370702985
socs,-0.026263370856455626,0.005677536299301323,0.013535730212623671,-0.028573960068967473,-0.003441903186042232,3.8949469722718786e-05
software,0.028844183650487628,-0.005527294209793554,-0.029801529399916683,-0.05519650903115175,-0.004385741250084733,0.0004406849379423023
software performance,-0.026263370856455626,0.005677536299301323,0.013535730212623671,-0.028573960068967473,-0.003441903186042232,3.8949469722718786e-05
software update,-0.005811826222693306,0.00252226677786154,-0.004289342300991677,0.0006463695673980867,0.00048213832220443334,-0.00021247395143872912
sophisticated,0.009191117982218285,0.0639576791744048,0.008722452986105864,-0.016048585137970285,-0.008505376042944143,2.8206587303230134e-05
sophistication,-0.039660158720564734,0.0788414040382379,-0.08267935647474473,0.0454114328454811,0.006727096342719695,-0.003352005922499213
sound,-0.026263370856455626,0.005677536299301323,0.013535730212623671,-0.028573960068967473,-0.003441903186042232,3.8949469722718786e-05
speaker,0.052249073133071235,-0.10404910020866631,0.005425041436453471,0.04269902330047277,0.010781051264381735,0.0013723263412383857
speed,0.0023223410120673305,0.00025052261013554044,0.0014932206306456177,-0.00035942733423918684,0.0019874605367965806,0.00012899908833835047
speeds,-0.03251993938208234,-0.02714443367554369,0.009785190311855997,-0.021881935049094636,0.0007701202735889404,2.654679439678093e-05
speedy,-0.026263370856455626,0.005677536299301323,0.013535730212623671,-0.028573960068967473,-0.003441903186042232,3.8949469722718786e-05
ssd,-0.00038669591637906106,0.05257615033192761,0.01091312396433835,-0.02115543829009814,-0.007779858370033239,3.387641674338111e-05
stability,0.06296400750055206,0.061336860842942216,0.0019820250153997567,0.01994949402174801,-0.006412176495110456,0.0005170911263009634
stabilization,-0.034061944418651596,-0.03654161259623508,-0.029829532870095554,0.018333008158214543,0.009286031495052614,-0.0011076556248434336
stable,0.03192567657278848,0.03200289323746189,0.006090049836035955,0.004905763139961366,-0.004313356963170784,0.00040693374389845315
steel,-0.016035172909890212,0.048551241587992316,-0.03281353043154739,0.0145352136965102,0.0007933363814537012,-0.0014267121200744238
storage,-0.01795260737240199,-0.02831879392716203,-0.016751911559907556,0.018519513994899074,-0.17379710001601426,-0.005099893860428545
storage option,-0.02051720720858707,-0.02970596966142825,-0.014524706617789686,0.009117642294691381,0.005775879178646713,-0.0005245884401086312
straightforward,0.06167503831679383,-0.09824402285369936,0.03577170848508129,0.016579854384229136,0.0044901162969506695,0.0023518622725930715
streaming,-0.00932543640838097,0.015987731224724574,-0.010472797225690902,0.002289213680116427,0.00015826302917198605,-0.000510661744374776
streamlined,0.02592699757873059,0.04088266151877239,-0.00041458192687950324,0.006419399306528095,-0.004103108588835371,9.281499873671737e-05
stunning,-0.012564225091484593,0.051690516154349025,-0.032139214928096835,0.015122073675123623,0.00035898784362255545,-0.0013802852536322849
sturdy,-0.032602315971424704,0.024226504340509738,-0.034257738176267774,0.011778736735524768,0.003543979198486016,-0.0015459578826798478
stuttering,-0.019734686518182675,0.05879741525278789,0.02130087268870854,-0.043010902113896195,-0.010615659007960085,6.38635425445944e-05
style,-0.05155502892780594,0.002881484785654105,-0.04960914708145958,0.020940720363349454,0.008584507493496357,-0.0021201781536209067
stylish,-0.09118709263771088,0.01920696160143359,-0.10993029882963602,0.05628557113278469,0.017858453069824597,-0.004478420891606967
stylus,-0.02701878244861664,-0.053821809384100645,-0.026306946851719925,0.021952475334955503,0.010563322763830303,-0.0008230787476497503
subdued,0.03723891787453816,-0.01848958757091947,0.07046462815455447,-0.04625457843654111,-0.010985906648065856,0.002638301701024169
subpar,-0.004688989281266105,-0.021502846532535008,0.0346494900018212,-0.03267707956451302,-0.004281941614792029,0.0010760665197488137
surveillance,0.03723891787453816,-0.01848958757091947,0.07046462815455447,-0.04625457843654111,-0.010985906648065856,0.002638301701024169
sustainability,-0.04060973211266825,0.007210501596149629,-0.03722726875121765,0.01371023966829283,0.005874984313254576,-0.0016421747895848083
sustainable,0.005900716687878353,0.10630900908426331,-0.0718656342038772,0.05382169818396837,0.0021449659150313163,-0.0026110837130881148
synchronization,0.028772467841130616,0.05820955223035512,-0.009221736559286863,0.013323485180927103,-0.004285896590800492,-0.00022369064283465394
tablet,-0.011507207509943447,-0.06719193841814441,-0.014884537485125486,0.021533249647663278,0.010001936165688277,-0.00022110326332711684
tactile,-0.0035988624042302027,-0.057135240605346714,-0.005285933456721796,0.014326555659391014,0.007168450067919178,0.0001062527958824252
tailwind cpu,-0.004688989281266105,-0.021502846532535008,0.0346494900018212,-0.03267707956451302,-0.004281941614792029,0.0010760665197488137
telephoto,-0.051460402325028,0.015050027331500687,-0.052113263293956456,0.02112395671839337,0.0077393999637685095,-0.002257999656869856
television,-0.053171374927423076,-0.03814834145674827,0.01727151403771128,-0.03824021941666457,0.00034128066330272553,4.736001335676976e-05
thermal,-0.05317137492742309,-0.03814834145674829,0.017271514037711287,-0.038240219416664584,0.00034128066330272564,4.736001335676978e-05
thin,-0.007300769387454093,-0.01460332387778513,-0.0032144854051699783,0.0020873930058842075,0.0021225400125118826,-0.0001075328224472936
throttling,-0.01120975684478271,-0.03361116437047829,-0.006821999164512638,0.007231285501239363,0.004831162384670444,-0.00016052023034145377
timeless,-0.015561531139085824,0.018654471958237842,-0.01632861091079829,0.004231550267931793,0.0009175415808401657,-0.0007753036735690869
tizen,-0.05188471932028679,-0.07634082491203727,-0.07132509463072598,0.05754957296320051,0.021297857886251548,-0.0023377303915756804
touch id,-0.026263370856455626,0.005677536299301323,0.013535730212623671,-0.028573960068967473,-0.003441903186042232,3.8949469722718786e-05
touchscreen,-0.02051720720858707,-0.02970596966142825,-0.014524706617789686,0.009117642294691381,0.005775879178646713,-0.0005245884401086312
touchscreens,0.03723891787453816,-0.01848958757091947,0.07046462815455447,-0.04625457843654111,-0.010985906648065856,0.002638301701024169
touchwiz,-0.053171374927423076,-0.03814834145674827,0.01727151403771128,-0.03824021941666457,0.00034128066330272553,4.736001335676976e-05
tough,-0.019734686518182675,0.05879741525278789,0.02130087268870854,-0.043010902113896195,-0.010615659007960085,6.38635425445944e-05
tpu,0.032901805629577494,-0.0023441941293077264,0.015110428666498999,0.0031216175930629743,-0.002285825846506416,0.0008689418388152717
tracker,-0.053171374927423076,-0.03814834145674827,0.01727151403771128,-0.03824021941666457,0.00034128066330272553,4.736001335676976e-05
tracking,9.502753944801944e-05,0.05497263920279372,-0.024648314169035825,0.013855384976552573,-0.0012926350708506835,-0.0010190857478890548
treble,-0.053171374927423076,-0.03814834145674827,0.01727151403771128,-0.03824021941666457,0.00034128066330272553,4.736001335676976e-05
trendy,-0.05317137492742309,-0.03814834145674829,0.017271514037711287,-0.038240219416664584,0.00034128066330272564,4.736001335676978e-05
truedepth,-0.019734686518182675,0.05879741525278789,0.02130087268870854,-0.043010902113896195,-0.010615659007960085,6.38635425445944e-05
trust,0.08422658065046942,-0.02309765211445177,0.01910009103685048,0.03067978340103612,-0.0002830532758361775,0.001740200211114465
trusted,0.06490427245531345,0.008479106696349445,0.04847520014523291,-0.014855082673789401,-0.009470889720533433,0.002192915301699313
trustworthiness,0.03723891787453816,-0.01848958757091947,0.07046462815455447,-0.04625457843654111,-0.010985906648065856,0.002638301701024169
trustworthy,0.0684327096929783,0.018036965735188638,0.017599079827999378,0.015767505952822034,-0.004619282140500184,0.0012774653255269272
tv,-0.03841385292343855,-0.08785123416349973,-0.05706141494252323,0.05286439126910723,0.019975751043608422,-0.0016877027597276563
typography,0.008308802811086192,0.012343008758038,0.035432122745500595,-0.03301487895933712,-0.007975842717974732,0.0010800458724829108
ui,-0.03581700408948965,-0.05554463874060588,-0.03749419946333723,0.028647917281681853,0.01278464235327831,-0.001253058023062598
ui interface,-0.004688989281266105,-0.021502846532535008,0.0346494900018212,-0.03267707956451302,-0.004281941614792029,0.0010760665197488137
understated,-0.053171374927423076,-0.03814834145674827,0.01727151403771128,-0.03824021941666457,0.00034128066330272553,4.736001335676976e-05
underwhelming,0.03723891787453816,-0.01848958757091947,0.07046462815455447,-0.04625457843654111,-0.010985906648065856,0.002638301701024169
uninspired,0.03532091192583236,-0.016712688234336123,0.016772014966176585,0.005544202165184478,-0.0010173686007893712,0.0010252568447985766
unpredictable,0.03723891787453816,-0.01848958757091947,0.07046462815455447,-0.04625457843654111,-0.010985906648065856,0.002638301701024169
unreliable,-0.026263370856455626,0.005677536299301323,0.013535730212623671,-0.028573960068967473,-0.003441903186042232,3.8949469722718786e-05
unresponsive,0.03723891787453816,-0.01848958757091947,0.07046462815455447,-0.04625457843654111,-0.010985906648065856,0.002638301701024169
update cycle,0.00291934687408864,-0.004022877089714717,0.0024826116047822052,-0.00011791992386720108,-5.238519788271304e-06,0.000131176198893336
update policy,0.03532091192583236,-0.016712688234336123,0.016772014966176585,0.005544202165184478,-0.0010173686007893712,0.0010252568447985766
upgradability,-0.010172075202088267,0.03502035780599057,0.016620900229920077,-0.028665408767538106,-0.007053062617346291,0.0001735660000204872
upgradable,-0.027178044778865026,-0.0381157216567078,-0.022441087543233457,0.015009386090580168,0.008123953653629076,-0.0007956859910243728
upgradeable,-0.019734686518182675,0.05879741525278789,0.02130087268870854,-0.043010902113896195,-0.010615659007960085,6.38635425445944e-05
usability,-0.04660642137711628,-0.024508590056295975,-0.0011690507363312087,-0.019092047154155425,0.002421956184271395,-0.0004861779917155769
usb,0.032451265680217764,0.03837833040376779,0.0035660295504942037,0.006457102263051743,-0.004521625666909338,0.0003050285195459578
useful,0.04794378668638889,-0.04200920468198573,0.017882767318337628,0.01608853254528093,0.0016424150756468008,0.0013517727520720255
user experience,-0.004688989281266105,-0.021502846532535008,0.0346494900018212,-0.03267707956451302,-0.004281941614792029,0.0010760665197488137
user interface,-0.02051720720858707,-0.02970596966142825,-0.014524706617789686,0.009117642294691381,0.005775879178646713,-0.0005245884401086312
utilitarian,0.00291934687408864,-0.004022877089714717,0.0024826116047822052,-0.00011791992386720108,-5.238519788271304e-06,0.000131176198893336
ux,-0.05317137492742309,-0.03814834145674829,0.017271514037711287,-0.038240219416664584,0.00034128066330272564,4.736001335676978e-05
versatile,-0.002440598240063867,-0.027971100729815342,0.00012067487311471358,0.003967890878908328,0.0029891500933694674,0.000123196556763988
versatility,-0.023143650835155627,-0.013955116977711407,-0.01641871648988608,0.006547457662480273,0.00439939623255483,-0.0006977589186295999
vibrant,-0.026112935505217153,-0.027314919250420542,-0.01975359661026454,0.01083552523379139,0.006452535249494599,-0.0007612918260247434
video,-0.012260057344585932,-0.009026182967507682,-0.0073528710647125526,0.002451911673310671,0.002252879690249205,-0.0003212982351200015
vivid,-0.03278158013477444,-0.04743482721633065,0.00576718515111966,-0.014129484485709243,0.0037317854016652163,1.4026066711807886e-05
voice,0.03629675851390328,-0.07791438786577971,0.009291153642036611,0.025280341343447164,0.007053791882404403,0.0011460398364056283
vulnerable,-0.014750919663001452,-0.022886611458791856,-0.008951224094742694,0.005373333783042885,0.0040358281662032655,-0.000325070276176368
wallet,-0.027178044778865026,-0.0381157216567078,-0.022441087543233457,0.015009386090580168,0.008123953653629076,-0.0007956859910243728
wallpaper,0.03723891787453816,-0.01848958757091947,0.07046462815455447,-0.04625457843654111,-0.010985906648065856,0.002638301701024169
warranty,-0.023006782168015622,0.0007681010286883777,-0.01784956584058906,0.0051977520317275675,0.0030739130076288673,-0.0008171968379195626
watches,-0.019734686518182675,0.05879741525278789,0.02130087268870854,-0.043010902113896195,-0.010615659007960085,6.38635425445944e-05
watchos,0.0022572733752854483,0.08184714756199886,-0.046860815736592315,0.031826400435123504,2.3198543656270125e-05,-0.0017897614110348216
wearable,-0.03442366381855622,-0.08984651547770982,-0.052394965503258804,0.05076669275567918,0.019346931504520784,-0.001489767240752015
wearables,0.014858461635909674,-0.06447877436585571,0.0044435471430749555,0.015999968793516985,0.006302967080269526,0.000662938879596196
weight,0.025227147615443073,-0.015086262185880448,0.044670895906568496,-0.027805965594637494,-0.006583271828702268,0.0017108871084739676
wireless,-0.017039655290386067,-0.008726808977516067,-0.011287730043289026,0.0037292146628878494,0.002919277554703477,-0.0004984871216469279
zoom,-0.01289761942100349,-0.05879239137604356,-0.013464509891362617,0.017761724606369066,0.008807243148629889,-0.0002418372466271333
