attribute,decision
a series,DROP
aapl,DROP
ability,DROP
able,DROP
absence,DROP
absolute,DROP
acceleration,DROP
access,DROP
accessibility,DROP
accessible,DROP
accessory,DROP
accidental,DROP
acclaim,DROP
account,DROP
accountability,DROP
accuracy,DROP
accurate,DROP
acquisition,DROP
action,DROP
active,DROP
activity,DROP
actual,DROP
ad,DROP
adaptability,DROP
adaptable,DROP
adaptation,DROP
adapter,DROP
adaptive,DROP
addition,DROP
additional,DROP
address,DROP
adequate,DROP
adhesive,DROP
adjustment,DROP
admirable,DROP
adobe,DROP
adopter,DROP
adoption,DROP
adreno,DROP
ads,DROP
adsense,DROP
adult,DROP
advanced,DROP
advancement,DROP
advantage,DROP
advertising,DROP
advice,DROP
advocacy,DROP
adwords,DROP
aesthetic,DROP
afc,DROP
affect,DROP
affecting,DROP
affinity,DROP
affluent,DROP
affordability,DROP
affordable,DROP
aficionado,DROP
africa,DROP
age,DROP
aged,DROP
aggressive,DROP
agile,DROP
agility,DROP
ai,DROP
ai assistant,KEEP
air,DROP
airdrop,DROP
airpods,DROP
airpower,DROP
algorithm,DROP
algorithms,DROP
align,DROP
allen,DROP
allow,DROP
alphabet,DROP
alternative,DROP
aluminum,DROP
amd,DROP
america,DROP
american,DROP
americas,DROP
amoled,KEEP
amount,DROP
ample,DROP
analysis,DROP
analytic,DROP
android,DROP
android device,DROP
android interface,DROP
android operating system,DROP
android product,DROP
andsamsung,DROP
angle,DROP
angular,DROP
animation,DROP
announcement,DROP
annoying,DROP
annual,DROP
answer,DROP
antitrust,DROP
aperture,DROP
app,DROP
apparent,DROP
appeal,DROP
appealing,DROP
appearance,DROP
apple device,DROP
apple iphones,DROP
apple product,DROP
appliance,DROP
applicable,DROP
application,DROP
approach,DROP
approachability,DROP
approachable,DROP
approximate,DROP
apps,DROP
ar,DROP
arcade,DROP
architecture,DROP
archive,DROP
area,DROP
arm,DROP
array,DROP
artifact,DROP
artificial,DROP
artistic,DROP
arts,DROP
asia,DROP
aspect,DROP
asphalt,DROP
aspirational,DROP
assessment,DROP
assist,DROP
assistance,DROP
assistant,DROP
association,DROP
assurance,DROP
attachment,DROP
attack,DROP
attention,DROP
attractive,DROP
attribute,DROP
audience,DROP
audio,DROP
augmented,DROP
australia,DROP
authentication,DROP
authenticity,DROP
authority,DROP
authorized,DROP
auto,DROP
autofocus,KEEP
automation,DROP
autonomous,DROP
availability,DROP
available,DROP
average,DROP
aware,DROP
back,DROP
background,DROP
backrub,DROP
backup,DROP
backups,DROP
bad,DROP
bag,DROP
balance,DROP
balanced,DROP
bank,DROP
banking,DROP
bar,DROP
barrier,DROP
base,DROP
basic,DROP
basis,DROP
battery,KEEP
battery capacity,KEEP
battery drain,DROP
battery life,KEEP
battle,DROP
beautiful,DROP
beginner,DROP
beginning,DROP
behemoth,DROP
bell,DROP
benchmark,DROP
benchmarks,DROP
bend,DROP
bendable,DROP
beneficial,DROP
beneficiary,DROP
benefit,DROP
best,DROP
bet,DROP
beta,DROP
bezel,DROP
biased,DROP
big,DROP
bill,DROP
biometric,KEEP
bionic,DROP
bionic chip,DROP
bipolar,DROP
bit,DROP
bite,DROP
bixby,DROP
black,DROP
bland,DROP
blazing,DROP
blend,DROP
bloat,DROP
bloatware,DROP
blue,DROP
bluetooth,DROP
board,DROP
boasted,DROP
boasts,DROP
body,DROP
bokeh,DROP
bold,DROP
boost,DROP
boot,DROP
boring,DROP
bottlenecked,DROP
boundary,DROP
box,DROP
brand,DROP
branding,DROP
brands,DROP
breach,DROP
breadth,DROP
breakdown,DROP
brick,DROP
brief,DROP
bright,DROP
brightness,DROP
brin,DROP
broad,DROP
browser,DROP
browsing,DROP
bubble,DROP
budget,DROP
buds,DROP
bug,DROP
buggy,DROP
build,DROP
build quality,DROP
building,DROP
buildup,DROP
bulkier,DROP
bulky,DROP
burn,DROP
burnout,DROP
business,DROP
busy,DROP
butqualcomm,DROP
button,DROP
buy,DROP
buyer,DROP
byung,DROP
c,DROP
cable,DROP
cadmium,DROP
calendar,DROP
calibration,DROP
california,DROP
call,DROP
calling,DROP
calmness,DROP
camera,KEEP
camera app,DROP
camera capability,DROP
camera hardware,DROP
cameras,KEEP
campaign,DROP
canada,DROP
cancellation,DROP
capabilities,DROP
capability,DROP
capable,DROP
capacity,DROP
capacity loss rate,DROP
capture,DROP
car,DROP
card,DROP
card slot,DROP
care,DROP
careful,DROP
carrier,DROP
case,DROP
casing,DROP
casual,DROP
catastrophic,DROP
category,DROP
cater,DROP
cause,DROP
caveat,DROP
cellular,DROP
censorship,DROP
center,DROP
centric,DROP
centricity,DROP
ceramic,DROP
certain,DROP
certification,DROP
chain,DROP
challenge,DROP
challenging,DROP
champion,DROP
chance,DROP
change,DROP
changer,DROP
channel,DROP
characteristic,DROP
charge,DROP
charge level,DROP
charger,DROP
charging,KEEP
chart,DROP
chat,DROP
cheap,DROP
check,DROP
chemistry,DROP
chic,DROP
child,DROP
children,DROP
china,DROP
chinese,DROP
chip,KEEP
chipset,KEEP
choice,DROP
choices,DROP
choose,DROP
chrome,DROP
chrome device,DROP
chromebook,DROP
chromebooks,DROP
chromecast,DROP
chul,DROP
cinebench,DROP
circle,DROP
circuit,DROP
circular,DROP
claim,DROP
clarity,DROP
class,DROP
classic,DROP
clean,DROP
cleanliness,DROP
clear,DROP
client,DROP
clock,DROP
close,DROP
closed,DROP
cloud,DROP
clunky,DROP
clutter,DROP
cluttered,DROP
cnet,DROP
coating,DROP
cohesion,DROP
cohesive,DROP
collaboration,DROP
collaborative,DROP
collection,DROP
college,DROP
color,DROP
color option,DROP
colorful,DROP
combination,DROP
comfort,DROP
comfortable,DROP
command,DROP
commerce,DROP
commitment,DROP
committed,DROP
common,DROP
community,DROP
commute,DROP
compact,DROP
company,DROP
comparable,DROP
comparison,DROP
compatibility,KEEP
compatible,DROP
compelling,DROP
competition,DROP
competitive,DROP
competitiveness,DROP
competitor,DROP
competitors,DROP
complaint,DROP
complete,DROP
complex,DROP
complexity,DROP
complicated,DROP
component,DROP
components,DROP
comprehensive,DROP
compromise,DROP
computational,DROP
computer,DROP
computing,DROP
con,DROP
concept,DROP
concern,DROP
concerned,DROP
concerns,DROP
concise,DROP
conclusion,DROP
concrete,DROP
condensation,DROP
condition,DROP
confidence,DROP
confident,DROP
configuration,DROP
confusing,DROP
confusion,DROP
conglomerate,DROP
connected,DROP
connection,DROP
connectivity,DROP
connector,DROP
cons,DROP
conscious,DROP
consensus,DROP
conservative,DROP
consideration,DROP
considerations,DROP
consistency,DROP
consistent,DROP
console,DROP
constant,DROP
constraint,DROP
construction,DROP
consumer,DROP
consumerism,DROP
consumers,DROP
consumption,DROP
contact,DROP
contemporary,DROP
contender,DROP
content,DROP
contention,DROP
contentious,DROP
context,DROP
continual,DROP
continuity,DROP
continuous,DROP
continuously,DROP
contrast,DROP
contrasting,DROP
contribute,DROP
control,DROP
controversy,DROP
convenience,DROP
convenient,DROP
conversational,DROP
cook,DROP
cool,DROP
copy,DROP
core,DROP
cores,DROP
corporation,DROP
cortex,DROP
cosmetic,DROP
cost,DROP
costly,DROP
council,DROP
count,DROP
counterpart,DROP
country,DROP
coverage,DROP
coveted,DROP
cpu,KEEP
cpu performance,DROP
crack,DROP
cracking,DROP
craftsmanship,DROP
crash,DROP
cream,DROP
creation,DROP
creative,DROP
creativity,DROP
creator,DROP
credibility,DROP
crisp,DROP
criterion,DROP
critic,DROP
critical,DROP
criticism,DROP
cross,DROP
crucial,DROP
cuda,DROP
culture,DROP
cupertino,DROP
curiosity,DROP
curious,DROP
current,DROP
curve,DROP
curved,DROP
custom,DROP
customer,DROP
customer support,DROP
customizability,DROP
customizable,DROP
customization,DROP
customization option,DROP
customizeable,DROP
customizing,DROP
cut,DROP
cutoff,DROP
cutting,DROP
cyber,DROP
cybersecurity,DROP
cycle,DROP
daily,DROP
damage,DROP
daps,DROP
dark,DROP
dash,DROP
data,DROP
date,DROP
datum,DROP
day,DROP
daydream,DROP
daylight,DROP
deal,DROP
debacle,DROP
debate,DROP
debut,DROP
decade,DROP
decent,DROP
decision,DROP
decline,DROP
dedicated,DROP
dedication,DROP
deep,DROP
deepmind,DROP
default,DROP
defect,DROP
defective,DROP
definitive,DROP
degradation,DROP
degree,DROP
delay,DROP
delayed,DROP
delete,DROP
deliberate,DROP
delighted,DROP
delivery,DROP
deloitte,DROP
demand,DROP
demanding,DROP
demographic,DROP
demographics,DROP
density,DROP
dent,DROP
department,DROP
dependable,DROP
dependence,DROP
dependent,DROP
deployment,DROP
depth,DROP
description,DROP
deserved,DROP
design,DROP
design flaw,DROP
designer,DROP
designing,DROP
designs,DROP
desirable,DROP
desktop,DROP
destination,DROP
detail,DROP
detailed,DROP
detection,DROP
deterrent,DROP
developer,DROP
developers,DROP
development,DROP
device,DROP
device ecosystem,DROP
devices,DROP
dex,DROP
difference,DROP
differences,DROP
different,DROP
differentiator,DROP
differentiators,DROP
difficult,DROP
difficulty,DROP
digging,DROP
digital,DROP
dimensity,DROP
direct,DROP
disability,DROP
disadvantage,DROP
disappointing,DROP
disaster,DROP
discharge,DROP
disconnected,DROP
discount,DROP
discover,DROP
discovery,DROP
discussion,DROP
disjointed,DROP
display,KEEP
displays,KEEP
disposable,DROP
disruption,DROP
dissatisfaction,DROP
distinct,DROP
distinctive,DROP
distraction,DROP
distribution,DROP
distributor,DROP
disturb,DROP
diverse,DROP
diversification,DROP
diversified,DROP
diversity,DROP
diy,DROP
docs,DROP
dollar,DROP
dominance,DROP
dominant,DROP
dos,DROP
double,DROP
download,DROP
downtime,DROP
doze,DROP
dozing,DROP
drain,DROP
drainage,DROP
dramatic,DROP
drastic,DROP
draw,DROP
drawback,DROP
drawings,DROP
dream,DROP
drive,DROP
driver,DROP
drop,DROP
dropout,DROP
dual,DROP
durability,KEEP
durable,DROP
duration,DROP
dust,DROP
dynamic,DROP
dynamics,DROP
dynamism,DROP
e,DROP
eager,DROP
earbud,DROP
early,DROP
earth,DROP
ease,DROP
east,DROP
easy,DROP
eco,DROP
ecological,DROP
economic,DROP
economy,DROP
ecosystem,DROP
ecosystem integration,DROP
edge,DROP
edgy,DROP
editing,DROP
editor,DROP
education,DROP
educational,DROP
effect,DROP
effective,DROP
effectiveness,DROP
efficiency,DROP
efficient,DROP
effort,DROP
effortless,DROP
elaborate,DROP
electronic,DROP
electronics,DROP
elegance,DROP
elegant,DROP
element,DROP
elevated,DROP
email,DROP
emerge,DROP
emotional,DROP
emphasis,DROP
emphasize,DROP
employs,DROP
empowerment,DROP
enclave,DROP
encryption,DROP
end,DROP
end camera,DROP
end device,DROP
end option,DROP
endurance,DROP
energy,DROP
engagement,DROP
engine,DROP
engineer,DROP
engineering,DROP
enhanced,DROP
enhancement,DROP
enjoyable,DROP
enterprise,DROP
entertainment,DROP
enthusiast,DROP
enthusiasts,DROP
entire,DROP
entrant,DROP
entrepreneur,DROP
entry,DROP
environment,DROP
environmental,DROP
equal,DROP
equipment,DROP
equity,DROP
equivalent,DROP
era,DROP
ergonomic,DROP
ergonomics,DROP
erratic,DROP
error,DROP
ess,DROP
essential,DROP
established,DROP
estate,DROP
estimate,DROP
estimated,DROP
ethos,DROP
europe,DROP
everyday,DROP
evident,DROP
evolution,DROP
evolving,DROP
ex,DROP
exact,DROP
example,DROP
excel,DROP
excellence,DROP
excellent,DROP
excels,DROP
exception,DROP
exceptional,DROP
exceptions,DROP
excessive,DROP
excited,DROP
excitement,DROP
exclusive,DROP
exclusivity,DROP
execution,DROP
executive,DROP
exercise,DROP
expandability,DROP
expandable,DROP
expansion,DROP
expansive,DROP
expectation,DROP
expense,DROP
expensive,DROP
experience,DROP
experienced,DROP
experiences,DROP
experiential,DROP
experimentation,DROP
expert,DROP
expertise,DROP
exploit,DROP
exploitation,DROP
exploration,DROP
explosion,DROP
export,DROP
exposure,DROP
expression,DROP
extended,DROP
extension,DROP
extensive,DROP
extent,DROP
exterior,DROP
external,DROP
extra,DROP
extreme,DROP
exyno,DROP
exynos,DROP
exynos chip,DROP
exynos chipset,DROP
exynos processor,DROP
eye,DROP
face,DROP
face id,KEEP
facebook,DROP
facetime,DROP
facial,DROP
fact,DROP
factor,DROP
factors,DROP
failure,DROP
fair,DROP
familiar,DROP
family,DROP
famous,DROP
fan,DROP
fashion,DROP
fashionable,DROP
fast,DROP
fastest,DROP
fatigue,DROP
faulty,DROP
favor,DROP
favorite,DROP
fcc,DROP
fe,DROP
feasible,DROP
feature,DROP
feature addition,DROP
featured,DROP
features,DROP
fee,DROP
feedback,DROP
feel,DROP
feeling,DROP
few,DROP
fi,DROP
field,DROP
fierce,DROP
file,DROP
film,DROP
fine,DROP
finesse,DROP
fingerprint,KEEP
finicky,DROP
finish,DROP
fire,DROP
firm,DROP
firmware,DROP
fit,DROP
fitness,DROP
fix,DROP
fixing,DROP
flagship,DROP
flagship device,DROP
flagship iphones,DROP
flagship model,DROP
flagship phone,DROP
flagships,DROP
flair,DROP
flashy,DROP
flat,DROP
flaw,DROP
flawless,DROP
flexibility,DROP
flexible,DROP
flimsy,DROP
flip,DROP
fluctuation,DROP
fluid,DROP
focus,DROP
focused,DROP
fold,DROP
foldable,KEEP
folding,DROP
following,DROP
font,DROP
footprint,DROP
force,DROP
forefront,DROP
form,DROP
format,DROP
forrester,DROP
fortnite,DROP
forum,DROP
foundation,DROP
fps,DROP
fragile,DROP
fragility,DROP
fragmentation,DROP
fragmented,DROP
frame,DROP
franchise,DROP
fray,DROP
free,DROP
freedom,DROP
freelancer,DROP
frenzy,DROP
frequency,DROP
frequent,DROP
friend,DROP
friendliness,DROP
friendly,DROP
frill,DROP
frustrated,DROP
frustrating,DROP
frustration,DROP
full,DROP
function,DROP
functional,DROP
functionality,DROP
fusion,DROP
fuss,DROP
future,DROP
futuristic,DROP
fwc,DROP
g,DROP
g chipset,DROP
gadget,DROP
gain,DROP
galaxies,DROP
galaxy,DROP
galaxy series,DROP
game,DROP
gamer,DROP
games,DROP
gaming,DROP
gamut,DROP
gap,DROP
garageband,DROP
garena,DROP
gartner,DROP
gates,DROP
gb,DROP
gboard,DROP
geekbench,DROP
geforce,DROP
gen,DROP
general,DROP
generation,DROP
generic,DROP
generous,DROP
genuine,DROP
geographic,DROP
geography,DROP
gesture,DROP
gestures,DROP
getting,DROP
gflop,DROP
gflops,DROP
ghz,DROP
giant,DROP
giants,DROP
glass,DROP
glitch,DROP
glitchy,DROP
global,DROP
globe,DROP
gmail,DROP
goal,DROP
gold,DROP
good,DROP
googl,DROP
google device,DROP
google drive,DROP
google pixel,DROP
google pixels,DROP
google play store,DROP
google product,DROP
google push,DROP
googol,DROP
gorilla,DROP
government,DROP
gps,DROP
gpu,KEEP
gpu performance,KEEP
gpus,KEEP
grade,DROP
gradual,DROP
graphic,DROP
graphics,KEEP
great,DROP
green,DROP
ground,DROP
groundbreaking,DROP
group,DROP
growth,DROP
guarantee,DROP
guidance,DROP
guide,DROP
guideline,DROP
habit,DROP
habits,DROP
hacker,DROP
hacking,DROP
half,DROP
hallmark,DROP
hand,DROP
handling,DROP
handoff,DROP
happy,DROP
hard,DROP
hardware,DROP
hardware reliability,DROP
harmony,DROP
harmonyo,DROP
harmonyos,DROP
hassle,DROP
hd,DROP
hdr,DROP
head,DROP
headphone,DROP
headset,DROP
health,DROP
healthcare,DROP
healthkit,DROP
healthy,DROP
heart,DROP
heat,DROP
heavy,DROP
hefty,DROP
helio,DROP
help,DROP
helpful,DROP
helpfulness,DROP
heritage,DROP
hesitant,DROP
hexa,DROP
high,DROP
highlight,DROP
hinder,DROP
hisilicon,DROP
historical,DROP
history,DROP
hole,DROP
home,DROP
homekit,DROP
homogenization,DROP
honest,DROP
honorable,DROP
hotter,DROP
hour,DROP
house,DROP
household,DROP
htc,DROP
huawei,DROP
hub,DROP
hue,DROP
humor,DROP
humorous,DROP
hungry,DROP
hype,DROP
hyperlapse,DROP
hz,DROP
ice,DROP
icloud,DROP
icon,DROP
iconic,DROP
id,DROP
idea,DROP
ideal,DROP
identity,DROP
ifixit,DROP
ii,DROP
iii,DROP
imac,DROP
imacs,DROP
image,DROP
imagery,DROP
images,DROP
imaging,KEEP
imessage,DROP
immersive,DROP
immune,DROP
imore,DROP
imovie,DROP
impact,DROP
implementation,DROP
implication,DROP
import,DROP
importance,DROP
important,DROP
impossible,DROP
impression,DROP
impressive,DROP
improved,DROP
improvement,DROP
improvements,DROP
inaccessible,DROP
inadequate,DROP
inbox,DROP
inch,DROP
inclusion,DROP
inclusivity,DROP
income,DROP
incompatibility,DROP
incompatible,DROP
incomplete,DROP
inconsistency,DROP
inconsistent,DROP
inconvenience,DROP
inconvenient,DROP
incorporates,DROP
increase,DROP
incredible,DROP
incremental,DROP
index,DROP
indexing,DROP
india,DROP
indicators,DROP
individual,DROP
individuality,DROP
industrial,DROP
industry,DROP
infamous,DROP
infection,DROP
inferior,DROP
infinity,DROP
influential,DROP
information,DROP
informed,DROP
infrastructure,DROP
inherent,DROP
initial,DROP
initially,DROP
initiative,DROP
innovation,DROP
innovations,DROP
innovative,DROP
input,DROP
insecure,DROP
insight,DROP
insights,DROP
inspection,DROP
instagram,DROP
installation,DROP
installed,DROP
instance,DROP
instant,DROP
institution,DROP
instruction,DROP
integral,DROP
integrate,DROP
integrated,DROP
integration,KEEP
intel,DROP
intelligence,DROP
intelligent,DROP
intense,DROP
intensive,DROP
interaction,DROP
interest,DROP
interested,DROP
interesting,DROP
interface,DROP
intermittent,DROP
internal,DROP
international,DROP
internet,DROP
interoperability,DROP
intersect,DROP
intertek,DROP
interval,DROP
introduce,DROP
introduction,DROP
introspective,DROP
intrusive,DROP
intuitive,DROP
invasive,DROP
investigation,DROP
investment,DROP
involvement,DROP
ion,DROP
ion battery,DROP
ios,DROP
ipad,DROP
ipados,DROP
ipads,DROP
iphone,DROP
iphone battery,KEEP
iphone product,DROP
iphone series,DROP
iphones,DROP
ipod,DROP
ipods,DROP
ipro,DROP
iris,DROP
isp,DROP
issue,DROP
issues,DROP
item,DROP
iteration,DROP
iterative,DROP
itunes,DROP
jack,DROP
janoff,DROP
job,DROP
jobs,DROP
journey,DROP
juice,DROP
july,DROP
june,DROP
k,DROP
key,DROP
keyboard,DROP
kid,DROP
king,DROP
kirin,DROP
knowledge,DROP
knowledgeable,DROP
knox,DROP
korea,DROP
korean,DROP
kpi,DROP
labor,DROP
lack,DROP
lacking,DROP
lackluster,DROP
lag,DROP
laggy,DROP
landscape,DROP
language,DROP
laptop,DROP
large,DROP
larry,DROP
lasting,DROP
late,DROP
latency,DROP
later,DROP
launch,DROP
launcher,DROP
launching,DROP
layer,DROP
layout,DROP
lcd,DROP
lead,DROP
leader,DROP
leadership,DROP
leap,DROP
learning,DROP
led,DROP
lee,DROP
legendary,DROP
len,DROP
lens,KEEP
lense,DROP
less,DROP
letter,DROP
lettering,DROP
level,DROP
lg,DROP
li,DROP
library,DROP
licensing,DROP
lie,DROP
life,DROP
lifespan,DROP
lifestyle,DROP
lifetime,DROP
light,DROP
lighting,DROP
lightning,DROP
lightning charger,DROP
lightweight,DROP
like,DROP
likely,DROP
liking,DROP
limit,DROP
limitation,DROP
limitations,DROP
limited,DROP
limiting,DROP
limitless,DROP
line,DROP
lineup,DROP
linux,DROP
list,DROP
listening,DROP
literacy,DROP
literate,DROP
lithium,DROP
little,DROP
live,DROP
lived,DROP
living,DROP
llc,DROP
load,DROP
loading,DROP
location,DROP
lock,DROP
locks,DROP
logo,DROP
long,DROP
longest,DROP
longevity,DROP
look,DROP
loop,DROP
loose,DROP
loss,DROP
lot,DROP
love,DROP
lover,DROP
low,DROP
lowdown,DROP
loyal,DROP
loyalty,DROP
lte,DROP
luxurious,DROP
luxury,DROP
m,DROP
mac,DROP
macbook,DROP
macbooks,DROP
machine,DROP
macintosh,DROP
macos,DROP
macs,DROP
magnetic,DROP
magsafe,KEEP
magsafe charging,KEEP
mah,DROP
mail,DROP
main,DROP
maintain,DROP
maintenance,DROP
major,DROP
majority,DROP
making,DROP
malfunction,DROP
malfunctioning,DROP
mali,DROP
malware,DROP
management,DROP
management system,DROP
manner,DROP
manual,DROP
manufacture,DROP
manufacturer,DROP
manufacturing,DROP
manufacturing process,DROP
map,DROP
maps,DROP
margin,DROP
mark,DROP
market,DROP
marketing,DROP
marketplace,DROP
markup,DROP
marshmallow,DROP
mass,DROP
massive,DROP
match,DROP
material,DROP
materials,DROP
mathematical,DROP
matter,DROP
mature,DROP
max,DROP
maximum,DROP
mbps,DROP
mean,DROP
measure,DROP
mechanism,DROP
media,DROP
mediatek,DROP
medium,DROP
megapixel,DROP
member,DROP
meme,DROP
memorable,DROP
memory,DROP
mentality,DROP
mention,DROP
menu,DROP
message,DROP
messaging,DROP
metal,DROP
meter,DROP
method,DROP
meticulous,DROP
metric,DROP
mhz,DROP
micro,DROP
microled,DROP
microsd,DROP
mid,DROP
middle,DROP
millennial,DROP
millennials,DROP
mind,DROP
mini,DROP
minimal,DROP
minimalism,DROP
minimalist,DROP
minimalistic,DROP
minor,DROP
minute,DROP
mirroring,DROP
miss,DROP
mission,DROP
mix,DROP
mixed,DROP
ml,DROP
mobile,DROP
mobility,DROP
mod,DROP
mode,DROP
model,DROP
modeling,DROP
models,DROP
modem,DROP
moderate,DROP
modern,DROP
modernity,DROP
modes,DROP
modification,DROP
modular,DROP
module,DROP
moment,DROP
momentum,DROP
money,DROP
monitor,KEEP
month,DROP
motion,DROP
motivation,DROP
moto,DROP
motorola,DROP
mouth,DROP
mover,DROP
movie,DROP
mpu,DROP
ms,DROP
multi,DROP
multifaceted,DROP
multimedia,DROP
multinational,DROP
multiple,DROP
multitasking,DROP
music,DROP
nanometer,DROP
nap,DROP
narrative,DROP
narrow,DROP
native,DROP
natural,DROP
nature,DROP
navigate,DROP
navigation,DROP
near,DROP
necessary,DROP
necessity,DROP
neck,DROP
need,DROP
negative,DROP
negligible,DROP
ness,DROP
nest,DROP
network,DROP
networking,DROP
neural,DROP
neutral,DROP
new,DROP
nexus,DROP
nfc,DROP
nicd,DROP
niche,DROP
nickel,DROP
night,DROP
nlp,DROP
nm,DROP
nod,DROP
noise,DROP
non,DROP
nonprofits,DROP
normal,DROP
north,DROP
notable,DROP
notch,DROP
note,DROP
notebook,DROP
notebooks,DROP
noticeable,DROP
notification,DROP
notorious,DROP
nougat,DROP
novice,DROP
npu,DROP
nuance,DROP
nuanced,DROP
number,DROP
numerous,DROP
nvidia,DROP
o,DROP
object,DROP
objective,DROP
observation,DROP
occasional,DROP
ocean,DROP
octa,DROP
octane,DROP
odd,DROP
oem,DROP
offer,DROP
offering,DROP
office,DROP
official,DROP
offline,DROP
old,DROP
oled,KEEP
one,DROP
oneplus,DROP
oneself,DROP
ongoing,DROP
online,DROP
open,DROP
openness,DROP
openstreetmap,DROP
operating,DROP
operating system,DROP
operation,DROP
opinion,DROP
oppo,DROP
opportunity,DROP
optic,DROP
optical,DROP
optimal,DROP
optimization,DROP
optimization software,DROP
optimizations,DROP
optimize,DROP
optimized,DROP
optimus,DROP
option,DROP
optional,DROP
options,DROP
organization,DROP
organized,DROP
orientation,DROP
original,DROP
originated,DROP
orqualcomm,DROP
os,DROP
other,DROP
outdated,DROP
outline,DROP
outperforms,DROP
outstanding,DROP
overall,DROP
overcharging,DROP
overhaul,DROP
overhead,DROP
overheating,DROP
overkill,DROP
overnight,DROP
overpriced,DROP
overview,DROP
overwhelming,DROP
owner,DROP
ownership,DROP
oxide,DROP
pace,DROP
pack,DROP
package,DROP
packaging,DROP
packed,DROP
pad,DROP
page,DROP
palette,DROP
panel,DROP
panels,DROP
paper,DROP
par,DROP
parameter,DROP
parent,DROP
parental,DROP
parity,DROP
part,DROP
particular,DROP
partner,DROP
partnership,DROP
partnerships,DROP
party,DROP
passionate,DROP
past,DROP
paste,DROP
patch,DROP
patching,DROP
patchy,DROP
path,DROP
patience,DROP
pattern,DROP
paul,DROP
pay,DROP
payment,DROP
pc,DROP
pcmag,DROP
peace,DROP
peak,DROP
peer,DROP
pen,DROP
pencil,DROP
people,DROP
perceive,DROP
perception,DROP
perceptions,DROP
perfect,DROP
perfection,DROP
perfectionism,DROP
performance,KEEP
performance capability,DROP
performance tensor chip,DROP
performant,DROP
performer,DROP
period,DROP
periodic,DROP
periscope,DROP
permission,DROP
person,DROP
personal,DROP
personality,DROP
personalization,DROP
personalized,DROP
perspective,DROP
philosophy,DROP
phone,DROP
photo,DROP
photographer,DROP
photography,DROP
photos,DROP
physical,DROP
pick,DROP
picture,DROP
pictureasso,DROP
pioneer,DROP
pipeline,DROP
pixel,DROP
pixel device,DROP
pixel phone,DROP
pixel series,DROP
pixel series device,DROP
pixel smartphone,DROP
pixelbook,DROP
pixels,DROP
place,DROP
placement,DROP
plan,DROP
plastic,DROP
plasticky,DROP
platform,DROP
play,DROP
playback,DROP
player,DROP
playful,DROP
playfulness,DROP
pleasing,DROP
pleasure,DROP
plenty,DROP
plus,DROP
po,DROP
point,DROP
points,DROP
policy,DROP
polish,DROP
polished,DROP
polymer,DROP
poor,DROP
popular,DROP
popularity,DROP
port,DROP
portability,DROP
portable,DROP
portfolio,DROP
portion,DROP
portrait,DROP
position,DROP
positioned,DROP
positioning,DROP
positive,DROP
possibility,DROP
possible,DROP
post,DROP
posture,DROP
potential,DROP
power,DROP
powerful,DROP
powerhouse,DROP
powersave,DROP
powersaving,DROP
powershare,DROP
ppi,DROP
practicality,DROP
practice,DROP
pragmatism,DROP
praise,DROP
praised,DROP
pre,DROP
precise,DROP
precision,DROP
predecessor,DROP
predictable,DROP
preference,DROP
preferences,DROP
preferred,DROP
premium,DROP
presence,DROP
present,DROP
preservation,DROP
pressure,DROP
prestige,DROP
prevalent,DROP
previous,DROP
price,DROP
price point,DROP
price range,DROP
price tag,DROP
pricey,DROP
pricier,DROP
pricing,DROP
pricing strategy,DROP
pricy,DROP
pride,DROP
primary,DROP
prime,DROP
principle,DROP
prioritize,DROP
priority,DROP
privacy,KEEP
private,DROP
privilege,DROP
pro,DROP
proactive,DROP
problem,DROP
procedure,DROP
process,DROP
processing,DROP
processing power,KEEP
processing speed,DROP
processor,DROP
processor speed,DROP
processors,DROP
procurement,DROP
product,DROP
product lineup,DROP
production,DROP
productivity,DROP
products,DROP
professional,DROP
professionals,DROP
profile,DROP
profit,DROP
program,DROP
progress,DROP
project,DROP
proliferation,DROP
prolong,DROP
prolonged,DROP
prominence,DROP
prominent,DROP
promise,DROP
promising,DROP
promotion,DROP
prompt,DROP
prone,DROP
pronounced,DROP
proof,DROP
proper,DROP
proposition,DROP
proprietary,DROP
prospect,DROP
protect,DROP
protection,DROP
protector,DROP
protocol,DROP
protrusion,DROP
provider,DROP
provides,DROP
prowess,DROP
psychographic,DROP
pubg,DROP
public,DROP
punch,DROP
purchase,DROP
purchases,DROP
purchasing,DROP
pure,DROP
purpose,DROP
pursuit,DROP
push,DROP
q,DROP
qa,DROP
qhd,DROP
qi,DROP
qled,DROP
quad,DROP
qualcomm,DROP
qualcomm chip,DROP
qualcomm snapdragon,DROP
quality,DROP
quality display,KEEP
quality product,DROP
query,DROP
question,DROP
quick,DROP
quickcharge,KEEP
quirk,DROP
radeon,DROP
radio,DROP
ram,DROP
ram capability,DROP
ram capacity,DROP
ram option,DROP
random,DROP
range,DROP
ranking,DROP
rapid,DROP
rare,DROP
rate,DROP
rating,DROP
ratings,DROP
ratio,DROP
rave,DROP
raw,DROP
rdna,DROP
reach,DROP
readable,DROP
real,DROP
realism,DROP
reality,DROP
realm,DROP
reason,DROP
reasoning,DROP
recall,DROP
receive,DROP
receives,DROP
recent,DROP
recharge,DROP
recharging,DROP
recognition,DROP
recognizable,DROP
recognized,DROP
recommendation,DROP
recommendations,DROP
record,DROP
recording,DROP
recyclability,DROP
recycling,DROP
red,DROP
reduced,DROP
reduction,DROP
refined,DROP
refinement,DROP
refresh,DROP
refreshe,DROP
refreshing,DROP
refrigerator,DROP
refurbishing,DROP
regard,DROP
regarded,DROP
region,DROP
regular,DROP
regulation,DROP
regulatory,DROP
relation,DROP
relationship,DROP
relative,DROP
release,DROP
releases,DROP
releases android,DROP
relevant,DROP
reliability,DROP
reliability concern,DROP
reliability issue,DROP
reliability rating,DROP
reliable,DROP
reliance,DROP
reliant,DROP
relief,DROP
remarkable,DROP
reminder,DROP
removable,DROP
removal,DROP
rendering,DROP
renewable,DROP
renowned,DROP
rental,DROP
repair,DROP
repairability,DROP
repairable,DROP
repairshark,DROP
repeat,DROP
replaceable,DROP
replacement,DROP
report,DROP
reported,DROP
reporting,DROP
reports,DROP
representation,DROP
representative,DROP
represented,DROP
reproduction,DROP
reputable,DROP
reputation,DROP
requirement,DROP
res,DROP
resale,DROP
research,DROP
researcher,DROP
reseller,DROP
reserve,DROP
resistance,DROP
resistance rating,DROP
resistant,DROP
resolution,KEEP
resonant,DROP
resource,DROP
respect,DROP
respectable,DROP
respective,DROP
respondent,DROP
response,DROP
responsibility,DROP
responsible,DROP
responsive,DROP
responsiveness,DROP
rest,DROP
restart,DROP
restriction,DROP
restrictive,DROP
result,DROP
retail,DROP
retailer,DROP
retention,DROP
retina,DROP
retro,DROP
return,DROP
revenue,DROP
revenue growth,DROP
review,DROP
reviewer,DROP
reviews,DROP
revolutionary,DROP
reward,DROP
rich,DROP
richness,DROP
right,DROP
rigid,DROP
rigor,DROP
rigorous,DROP
rise,DROP
risk,DROP
rival,DROP
rivalry,DROP
rob,DROP
robust,DROP
robustness,DROP
role,DROP
rollout,DROP
rollout process,DROP
rom,DROP
ronald,DROP
room,DROP
rooted,DROP
rooting,DROP
rough,DROP
rounded,DROP
rugged,DROP
ruggedness,DROP
run,DROP
rundown,DROP
runs,DROP
rx,DROP
s,DROP
s series,DROP
saas,DROP
safari,DROP
safe,DROP
sale,DROP
samsung,DROP
samsung device,DROP
samsung galaxy ultra,DROP
samsung phone,DROP
samsung product,DROP
samsungs,DROP
san,DROP
sandwich,DROP
sanghoe,DROP
sans,DROP
satellite,DROP
satisfaction,DROP
satisfied,DROP
satisfying,DROP
saturation,DROP
save,DROP
saver,DROP
saving,DROP
saving mode,DROP
savvy,DROP
scalable,DROP
scale,DROP
scam,DROP
scan,DROP
scandinavian,DROP
scanning,DROP
scarcity,DROP
scenario,DROP
scene,DROP
schedule,DROP
scheduling,DROP
scheme,DROP
scoop,DROP
score,DROP
scores,DROP
scratch,DROP
screen,KEEP
screw,DROP
scrutiny,DROP
sd,DROP
se,DROP
seamless,DROP
search,DROP
second,DROP
secure,DROP
security,DROP
security patch,DROP
segment,DROP
select,DROP
selection,DROP
self,DROP
selfie,DROP
selling,DROP
semiconductor,DROP
senior,DROP
sense,DROP
sensibility,DROP
sensing,DROP
sensitive,DROP
sensitivity,DROP
sensor,KEEP
sentiment,DROP
seo,DROP
separate,DROP
sergey,DROP
serie,DROP
series,DROP
series chip,DROP
series processor,DROP
serif,DROP
server,DROP
service,DROP
services,DROP
session,DROP
set,DROP
setting,DROP
settings,DROP
setup,DROP
shade,DROP
shallow,DROP
shape,DROP
share,DROP
sharing,DROP
sharp,DROP
shattering,DROP
sheer,DROP
sheet,DROP
sheets,DROP
shift,DROP
shipment,DROP
shock,DROP
shooting,DROP
shop,DROP
shopping,DROP
short,DROP
shortage,DROP
shorter,DROP
shot,DROP
shutdown,DROP
sight,DROP
sign,DROP
signal,DROP
significant,DROP
silicon,DROP
silver,DROP
sim,DROP
similar,DROP
similarities,DROP
simple,DROP
simplicity,DROP
simplification,DROP
simplifie,DROP
simpllicity,DROP
single,DROP
siri,DROP
situation,DROP
size,DROP
sized,DROP
skin,DROP
slate,DROP
sleek,DROP
sleeker,DROP
sleekness,DROP
slides,DROP
slight,DROP
slim,DROP
slogan,DROP
slot,DROP
slow,DROP
slowdown,DROP
sluggish,DROP
sm,DROP
small,DROP
smart,DROP
smartphone,DROP
smartphones,DROP
smartthings,DROP
smartwatch,KEEP
smartwatche,DROP
sme,DROP
smooth,DROP
smoother,DROP
snagging,DROP
snapdragon,DROP
snapdragon processor,DROP
snapdragon series,DROP
snapper,DROP
snappiness,DROP
snappy,DROP
soc,DROP
social,DROP
socs,DROP
software,DROP
software performance,DROP
software update,DROP
solid,DROP
solution,DROP
solutions,DROP
solving,DROP
sony,DROP
sophisticated,DROP
sophistication,DROP
sound,DROP
source,DROP
south,DROP
space,DROP
span,DROP
spare,DROP
speaker,DROP
spec,DROP
specialized,DROP
specific,DROP
specification,DROP
spectrum,DROP
speed,DROP
speeds,DROP
speedy,DROP
spill,DROP
spirit,DROP
split,DROP
sporty,DROP
spot,DROP
spuden,DROP
spy,DROP
sqc,DROP
square,DROP
ssd,DROP
ssnlf,DROP
stability,DROP
stabilization,DROP
stable,DROP
stack,DROP
stadia,DROP
stage,DROP
stainless,DROP
stance,DROP
standalone,DROP
standard,DROP
standby,DROP
standout,DROP
standpoint,DROP
stanford,DROP
staple,DROP
star,DROP
starlight,DROP
start,DROP
startup,DROP
statement,DROP
states,DROP
station,DROP
statista,DROP
status,DROP
steady,DROP
steel,DROP
steep,DROP
steeper,DROP
stellar,DROP
step,DROP
steve,DROP
stiff,DROP
stock,DROP
stop,DROP
storage,DROP
storage option,DROP
store,DROP
stores,DROP
storytelling,DROP
straightforward,DROP
straining,DROP
stranger,DROP
strategies,DROP
strategy,DROP
stream,DROP
streaming,DROP
streamlined,DROP
strength,DROP
strengths,DROP
strict,DROP
stride,DROP
strong,DROP
struggle,DROP
stuck,DROP
student,DROP
studio,DROP
study,DROP
stunning,DROP
sturdy,DROP
stuttering,DROP
style,DROP
stylish,DROP
stylized,DROP
stylus,DROP
subdued,DROP
subject,DROP
subjective,DROP
subpar,DROP
subsequent,DROP
subsidiary,DROP
substance,DROP
substantial,DROP
subtle,DROP
success,DROP
successful,DROP
sudden,DROP
sufficient,DROP
suhd,DROP
suit,DROP
suitable,DROP
suite,DROP
suited,DROP
summary,DROP
super,DROP
superior,DROP
superiority,DROP
supplier,DROP
supply,DROP
support,DROP
supports,DROP
supremacy,DROP
sure,DROP
surface,DROP
surveillance,DROP
survey,DROP
sustainability,DROP
sustainable,DROP
sweet,DROP
swift,DROP
switch,DROP
switching,DROP
symbian,DROP
symbol,DROP
synchronization,DROP
synonymous,DROP
system,DROP
systems,DROP
t,DROP
tab,DROP
table,DROP
tablet,DROP
tactile,DROP
tad,DROP
tag,DROP
tailwind,DROP
tailwind cpu,DROP
takeaway,DROP
takeaways,DROP
taking,DROP
talk,DROP
tandem,DROP
target,DROP
targeting,DROP
task,DROP
tasking,DROP
taste,DROP
tb,DROP
teacher,DROP
team,DROP
tear,DROP
tech,DROP
techcrunch,DROP
technical,DROP
technique,DROP
technological,DROP
technologies,DROP
technology,DROP
techradar,DROP
tegra,DROP
telephoto,KEEP
television,DROP
temperature,DROP
tempest,DROP
tend,DROP
tendency,DROP
tensor,DROP
term,DROP
terminator,DROP
test,DROP
testing,DROP
text,DROP
textile,DROP
texture,DROP
texturing,DROP
tflop,DROP
thank,DROP
theft,DROP
theme,DROP
thermal,DROP
thick,DROP
thin,DROP
thing,DROP
think,DROP
thinker,DROP
thinking,DROP
thinning,DROP
thorough,DROP
threaded,DROP
threat,DROP
throttling,DROP
tick,DROP
tier,DROP
tight,DROP
tim,DROP
time,DROP
timeless,DROP
timely,DROP
times,DROP
tip,DROP
title,DROP
tizen,DROP
tlc,DROP
today,DROP
tone,DROP
tool,DROP
topic,DROP
topmost,DROP
total,DROP
touch,KEEP
touch id,KEEP
touchscreen,KEEP
touchscreens,KEEP
touchwiz,DROP
tough,DROP
tpu,DROP
track,DROP
tracker,DROP
tracking,DROP
traction,DROP
trade,DROP
trading,DROP
tradition,DROP
traditional,DROP
traffic,DROP
transfer,DROP
transformation,DROP
transition,DROP
translate,DROP
transparency,DROP
transparent,DROP
treble,DROP
trend,DROP
trends,DROP
trendy,DROP
triangle,DROP
tricky,DROP
triple,DROP
trouble,DROP
troubleshoot,DROP
troubleshooting,DROP
true,DROP
truedepth,DROP
trust,DROP
trusted,DROP
trustpilot,DROP
trustworthiness,DROP
trustworthy,DROP
tsmc,DROP
tuesday,DROP
turn,DROP
tutorial,DROP
tv,DROP
tvo,DROP
tweak,DROP
tweaking,DROP
type,DROP
typical,DROP
typing,DROP
typography,DROP
ufs,DROP
uhd,DROP
ui,DROP
ui interface,KEEP
uk,DROP
ul,DROP
ultimate,DROP
ultra,DROP
umbrella,DROP
unauthorized,DROP
unbeatable,DROP
unchanged,DROP
understanding,DROP
understated,DROP
underwhelming,DROP
uneven,DROP
unfamiliar,DROP
unibodie,DROP
unified,DROP
uninspired,DROP
unique,DROP
unit,DROP
united,DROP
units,DROP
unity,DROP
universe,DROP
university,DROP
unmatched,DROP
unnecessary,DROP
unnoticed,DROP
unparalleled,DROP
unpredictable,DROP
unreliable,DROP
unresponsive,DROP
unused,DROP
up,DROP
upcoming,DROP
update,DROP
update cycle,DROP
update policy,KEEP
updates,DROP
upfront,DROP
upgradability,DROP
upgradable,DROP
upgrade,DROP
upgradeable,DROP
upgrades,DROP
upgrading,DROP
upper,DROP
usability,KEEP
usage,DROP
usb,DROP
usd,DROP
use,DROP
useful,DROP
user,DROP
user experience,KEEP
user interface,KEEP
uses,DROP
usual,DROP
utilitarian,DROP
utilization,DROP
utilizes,DROP
ux,DROP
validity,DROP
valuable,DROP
value,DROP
variability,DROP
variable,DROP
variant,DROP
variation,DROP
variations,DROP
varie,DROP
varied,DROP
varies,DROP
variety,DROP
varying,DROP
vast,DROP
vehicle,DROP
vendor,DROP
verdict,DROP
verge,DROP
verizon,DROP
versatile,DROP
versatility,DROP
version,DROP
vertical,DROP
viable,DROP
vibrant,DROP
victus,DROP
video,DROP
videographer,DROP
view,DROP
viewing,DROP
virtual,DROP
virus,DROP
visibility,DROP
vision,DROP
visual,DROP
vital,DROP
vivid,DROP
vivo,DROP
voice,DROP
volume,DROP
vulnerability,DROP
vulnerable,DROP
w,DROP
wait,DROP
wallet,DROP
wallpaper,DROP
war,DROP
warning,DROP
warp,DROP
warranty,DROP
waste,DROP
watch,DROP
watches,DROP
watching,DROP
watchos,DROP
water,DROP
wave,DROP
waves,DROP
way,DROP
waymo,DROP
wayne,DROP
weakness,DROP
weaknesses,DROP
wear,DROP
wearable,KEEP
wearables,KEEP
web,DROP
website,DROP
week,DROP
weight,DROP
well,DROP
wellness,DROP
whimsy,DROP
whistle,DROP
white,DROP
wholeness,DROP
wi,DROP
wide,DROP
widespread,DROP
widget,DROP
willing,DROP
willingness,DROP
windows,DROP
winner,DROP
wireless,DROP
wise,DROP
word,DROP
work,DROP
worker,DROP
workload,DROP
workshop,DROP
world,DROP
worldview,DROP
worth,DROP
worthwhile,DROP
wozniak,DROP
writing,DROP
x,DROP
xcover,DROP
xdr,DROP
xe,DROP
xiaomi,DROP
xl,DROP
year,DROP
young,DROP
younger,DROP
youth,DROP
youtube,DROP
z,DROP
z fold,DROP
zen,DROP
zoom,KEEP
