,ai assistant,amoled,autofocus,battery,battery capacity,battery life,biometric,camera,cameras,charging,chip,chipset,compatibility,cpu,display,displays,durability,face id,fingerprint,foldable,gpu,gpu performance,gpus,graphics,imaging,integration,iphone battery,lens,magsafe,magsafe charging,monitor,oled,performance,privacy,processing power,quality display,quickcharge,resolution,screen,sensor,smartwatch,telephoto,touch,touch id,touchscreen,touchscreens,ui interface,update policy,usability,user experience,user interface,wearable,wearables,zoom
Amazon,0,0,0,3,0,0,0,0,0,1,2,0,0,0,1,0,0,0,0,0,0,0,0,0,0,0,0,0,0,0,0,0,4,0,0,0,0,0,0,0,0,0,0,0,0,0,0,0,0,0,0,0,0,0
Apple,0,6,1,3292,3,26,6,768,1,129,754,43,81,38,283,0,299,1,10,16,148,0,3,36,0,1465,0,19,9,1,0,24,2957,1,1,1,1,19,97,22,1,11,69,1,1,0,0,1,0,0,1,7,1,23
Google,1,7,0,2974,1,23,3,1324,1,138,316,36,90,43,265,0,150,1,7,23,97,1,2,24,2,972,1,30,1,1,0,29,2921,8,0,0,1,23,106,20,0,3,24,0,1,1,1,2,1,1,1,12,3,40
Microsoft,0,0,0,0,0,0,0,0,0,0,0,0,0,0,0,0,0,0,0,0,0,0,0,0,0,4,0,0,0,0,0,0,0,0,0,0,0,0,0,0,0,0,0,0,0,0,0,0,0,0,0,0,0,0
Nvidia,0,0,0,0,0,0,0,0,0,0,0,0,0,0,0,0,0,0,0,0,2,0,0,0,0,0,0,0,0,0,0,0,1,0,0,0,0,0,0,0,0,0,0,0,0,0,0,0,0,0,0,0,0,0
Samsung,1,48,0,4150,3,42,6,1088,4,221,392,79,73,54,725,1,241,0,11,161,94,1,1,21,0,300,1,32,1,0,1,30,3050,1,1,1,1,51,329,54,1,12,18,1,2,0,1,1,3,1,2,53,3,77
